# ************************************************************
# Sequel Pro SQL dump
# Versão 4541
#
# http://www.sequelpro.com/
# https://github.com/sequelpro/sequelpro
#
# Host: localhost (MySQL 5.5.42)
# Base de Dados: econvoce
# Tempo de Geração: 2017-03-10 10:39:13 +0000
# ************************************************************


/*!40101 SET @OLD_CHARACTER_SET_CLIENT=@@CHARACTER_SET_CLIENT */;
/*!40101 SET @OLD_CHARACTER_SET_RESULTS=@@CHARACTER_SET_RESULTS */;
/*!40101 SET @OLD_COLLATION_CONNECTION=@@COLLATION_CONNECTION */;
/*!40101 SET NAMES utf8 */;
/*!40014 SET @OLD_FOREIGN_KEY_CHECKS=@@FOREIGN_KEY_CHECKS, FOREIGN_KEY_CHECKS=0 */;
/*!40101 SET @OLD_SQL_MODE=@@SQL_MODE, SQL_MODE='NO_AUTO_VALUE_ON_ZERO' */;
/*!40111 SET @OLD_SQL_NOTES=@@SQL_NOTES, SQL_NOTES=0 */;


# Dump da tabela empreendimentos
# ------------------------------------------------------------

DROP TABLE IF EXISTS `empreendimentos`;

CREATE TABLE `empreendimentos` (
  `id` int(11) NOT NULL AUTO_INCREMENT,
  `nome` varchar(100) DEFAULT NULL,
  `apelido` varchar(50) DEFAULT NULL,
  `estagio` int(11) NOT NULL,
  `prioridade` int(11) NOT NULL DEFAULT '1',
  `vgv_liquido` decimal(9,2) DEFAULT NULL,
  `update` int(11) DEFAULT '0',
  `status` int(11) DEFAULT '0',
  PRIMARY KEY (`id`),
  KEY `idx_empreendimentos_estagio` (`estagio`),
  KEY `idx_empreendimentos_prioridades_prioridade` (`prioridade`),
  CONSTRAINT `fk_empreendimentos_estagio` FOREIGN KEY (`estagio`) REFERENCES `estagios` (`id`) ON DELETE CASCADE ON UPDATE NO ACTION,
  CONSTRAINT `fk_empreendimentos_prioridades_prioridade` FOREIGN KEY (`prioridade`) REFERENCES `prioridades` (`id`) ON DELETE CASCADE ON UPDATE NO ACTION
) ENGINE=InnoDB DEFAULT CHARSET=utf8;

LOCK TABLES `empreendimentos` WRITE;
/*!40000 ALTER TABLE `empreendimentos` DISABLE KEYS */;

INSERT INTO `empreendimentos` (`id`, `nome`, `apelido`, `estagio`, `prioridade`, `vgv_liquido`, `update`, `status`)
VALUES
	(1193,'ELLO CLUBE','ELLO CLUBE',2,3,NULL,0,2),
	(1194,'FLAMBOYANT','FLAMBOYANT',2,1,NULL,0,2),
	(1195,'MOB','MOB',2,1,NULL,0,2),
	(1196,'IT HOME','IT HOME',4,1,NULL,0,2),
	(1197,'SMART','SMART',3,1,NULL,0,2),
	(1198,'FUTURA','FUTURA',2,1,234273.00,0,2),
	(1199,'UNIK','UNIK',2,1,NULL,0,2),
	(1200,'HIT HIGH','HIT HIGH',3,1,NULL,0,2),
	(1201,'PLAY','PLAY',4,1,NULL,0,2),
	(1202,'PRIME','PRIME',4,1,NULL,0,2),
	(1203,'VISTA MORUMBI','VISTA MORUMBI',2,1,NULL,0,2),
	(1204,'ACÁCIAS','ACÁCIAS',2,1,113876.00,0,2),
	(1205,'INTERLAGOS','INTERLAGOS',2,1,NULL,0,2),
	(1206,'MIXER LIFE','MIXER LIFE',3,1,NULL,0,2),
	(1207,'BOTÂNICA','BOTÂNICA',2,1,NULL,0,2),
	(1208,'TABOÃO','TABOÃO',2,1,NULL,0,2),
	(1209,'IN SP IBIRAPUERA','IN SP IBIRAPUERA',2,1,NULL,0,2),
	(1210,'PLUS','PLUS',3,1,NULL,0,2),
	(1211,'VILLA VERDE','VILLA VERDE',2,1,NULL,0,2),
	(1212,'NEW IN PLACE','NEW IN PLACE',3,1,223987.00,0,2),
	(1213,'SELFIE','SELFIE',3,1,NULL,0,2),
	(1214,'MAX CLUBE','MAX CLUBE',3,1,NULL,0,2),
	(1215,'NEW IN SPOT','NEW IN SPOT',3,1,NULL,0,2),
	(1216,'IN PQ MOEMA','IN PQ MOEMA',3,1,NULL,0,2),
	(1217,'MULTY','MULTY',3,1,224098.00,0,2),
	(1218,'IN PQ KLABIN','IN PQ KLABIN',3,1,NULL,0,2),
	(1219,'MANACÁS','MANACÁS',2,1,NULL,0,2),
	(1220,'BE LIFE','BE LIFE',2,1,NULL,0,2),
	(1221,'HARMONIA FLORAE','HARMONIA FLORAE',3,1,NULL,0,2),
	(1222,'HARMONIA ILUMINI','HARMONIA ILUMINI',3,1,188791.00,0,2),
	(1223,'ADRIÁTICO','ADRIÁTICO',2,1,NULL,0,2),
	(1224,'GET','GET',3,2,NULL,0,2);

/*!40000 ALTER TABLE `empreendimentos` ENABLE KEYS */;
UNLOCK TABLES;


# Dump da tabela estagios
# ------------------------------------------------------------

DROP TABLE IF EXISTS `estagios`;

CREATE TABLE `estagios` (
  `id` int(11) NOT NULL AUTO_INCREMENT,
  `nome` varchar(100) DEFAULT NULL,
  `slug` varchar(45) DEFAULT NULL,
  `apelido` varchar(50) DEFAULT NULL,
  `sigla` varchar(1) DEFAULT NULL,
  `percentual` decimal(5,4) DEFAULT NULL,
  PRIMARY KEY (`id`)
) ENGINE=InnoDB DEFAULT CHARSET=utf8;

LOCK TABLES `estagios` WRITE;
/*!40000 ALTER TABLE `estagios` DISABLE KEYS */;

INSERT INTO `estagios` (`id`, `nome`, `slug`, `apelido`, `sigla`, `percentual`)
VALUES
	(1,'Não informado','nao-informado',NULL,'N',0.0000),
	(2,'Pronto para morar','pronto','PRONTO','X',0.0750),
	(3,'Remanescente','remanescente','REMANESC','Y',0.0500),
	(4,'Lançamento','lancamento','LANÇAMENTO','Z',0.0250);

/*!40000 ALTER TABLE `estagios` ENABLE KEYS */;
UNLOCK TABLES;


# Dump da tabela perfis
# ------------------------------------------------------------

DROP TABLE IF EXISTS `perfis`;

CREATE TABLE `perfis` (
  `id` int(11) NOT NULL AUTO_INCREMENT,
  `nome` varchar(50) DEFAULT NULL,
  `slug` varchar(50) DEFAULT NULL,
  `sigla` varchar(1) DEFAULT NULL,
  `percentual` int(11) DEFAULT NULL,
  PRIMARY KEY (`id`)
) ENGINE=InnoDB DEFAULT CHARSET=utf8;

LOCK TABLES `perfis` WRITE;
/*!40000 ALTER TABLE `perfis` DISABLE KEYS */;

INSERT INTO `perfis` (`id`, `nome`, `slug`, `sigla`, `percentual`)
VALUES
	(1,'Não informado','nao-informado','N',0),
	(2,'Corretor','corretor','A',100),
	(3,'Gerente','gerente','B',50),
	(4,'Coordenador','coordenador','C',30);

/*!40000 ALTER TABLE `perfis` ENABLE KEYS */;
UNLOCK TABLES;


# Dump da tabela prioridades
# ------------------------------------------------------------

DROP TABLE IF EXISTS `prioridades`;

CREATE TABLE `prioridades` (
  `id` int(11) NOT NULL AUTO_INCREMENT,
  `percentual` int(11) DEFAULT NULL,
  PRIMARY KEY (`id`)
) ENGINE=InnoDB DEFAULT CHARSET=utf8;

LOCK TABLES `prioridades` WRITE;
/*!40000 ALTER TABLE `prioridades` DISABLE KEYS */;

INSERT INTO `prioridades` (`id`, `percentual`)
VALUES
	(1,100),
	(2,80),
	(3,60),
	(4,40),
	(5,20);

/*!40000 ALTER TABLE `prioridades` ENABLE KEYS */;
UNLOCK TABLES;


# Dump da tabela usuarios
# ------------------------------------------------------------

DROP TABLE IF EXISTS `usuarios`;

CREATE TABLE `usuarios` (
  `id` int(11) NOT NULL AUTO_INCREMENT,
  `guid` varchar(45) DEFAULT NULL,
  `perfil` int(11) NOT NULL DEFAULT '1',
  `nome` varchar(100) DEFAULT NULL,
  `email` varchar(100) DEFAULT NULL,
  `senha` varchar(50) DEFAULT NULL,
  `cpf` varchar(20) DEFAULT NULL,
  `apelido` varchar(50) DEFAULT NULL,
  `telefone` varchar(50) DEFAULT NULL,
  `creci` varchar(45) DEFAULT NULL,
  `estagiario` int(11) DEFAULT '0',
  `update` int(11) DEFAULT '0',
  `status` int(11) DEFAULT '0',
  PRIMARY KEY (`id`),
  KEY `idx_usuarios_perfil` (`perfil`),
  CONSTRAINT `fk_usuarios_perfil` FOREIGN KEY (`perfil`) REFERENCES `perfis` (`id`) ON DELETE CASCADE ON UPDATE NO ACTION
) ENGINE=InnoDB DEFAULT CHARSET=utf8;

LOCK TABLES `usuarios` WRITE;
/*!40000 ALTER TABLE `usuarios` DISABLE KEYS */;

INSERT INTO `usuarios` (`id`, `guid`, `perfil`, `nome`, `email`, `senha`, `cpf`, `apelido`, `telefone`, `creci`, `estagiario`, `update`, `status`)
VALUES
	(1,NULL,1,'SEBASTIAN',NULL,NULL,NULL,'SEBASTIAN',NULL,NULL,0,0,2),
	(2,NULL,1,'LUX',NULL,NULL,NULL,'LUX',NULL,NULL,0,0,2),
	(3,NULL,1,'DIGORY',NULL,NULL,NULL,'DIGORY',NULL,NULL,0,0,2),
	(4,NULL,1,'DONNA',NULL,NULL,NULL,'DONNA',NULL,NULL,0,0,2),
	(5,NULL,1,'SANDRO',NULL,NULL,NULL,'SANDRO',NULL,NULL,0,0,2),
	(6,NULL,1,'NOTURNO',NULL,NULL,NULL,'NOTURNO',NULL,NULL,0,0,2),
	(7,NULL,1,'NETY',NULL,NULL,NULL,'NETY',NULL,NULL,0,0,2),
	(8,NULL,1,'DOLAR',NULL,NULL,NULL,'DOLAR',NULL,NULL,0,0,2),
	(9,NULL,1,'GUGA',NULL,NULL,NULL,'GUGA',NULL,NULL,0,0,2),
	(10,NULL,1,'MONTANO',NULL,NULL,NULL,'MONTANO',NULL,NULL,0,0,2),
	(11,NULL,1,'SILMARA',NULL,NULL,NULL,'SILMARA',NULL,NULL,0,0,2),
	(12,NULL,4,'TOR',NULL,NULL,NULL,'TOR',NULL,NULL,0,0,2),
	(13,NULL,1,'RIVER',NULL,NULL,NULL,'RIVER',NULL,NULL,0,0,2),
	(14,NULL,1,'ARGEL',NULL,NULL,NULL,'ARGEL',NULL,NULL,0,0,2),
	(15,NULL,1,'MEL',NULL,NULL,NULL,'MEL',NULL,NULL,0,0,2),
	(16,NULL,1,'MANGA',NULL,NULL,NULL,'MANGA',NULL,NULL,0,0,2),
	(17,NULL,1,'DOLORES',NULL,NULL,NULL,'DOLORES',NULL,NULL,0,0,2),
	(18,NULL,1,'MOURA',NULL,NULL,NULL,'MOURA',NULL,NULL,0,0,2),
	(19,NULL,1,'SHERLOCK',NULL,NULL,NULL,'SHERLOCK',NULL,NULL,0,0,2),
	(20,NULL,1,'PALAZZIO',NULL,NULL,NULL,'PALAZZIO',NULL,NULL,0,0,2),
	(21,NULL,1,'DENIS',NULL,NULL,NULL,'DENIS',NULL,NULL,0,0,2),
	(22,NULL,1,'DOLLAR',NULL,NULL,NULL,'DOLLAR',NULL,NULL,0,0,2),
	(23,NULL,1,'JESUS',NULL,NULL,NULL,'JESUS',NULL,NULL,0,0,2),
	(24,NULL,1,'MORENO',NULL,NULL,NULL,'MORENO',NULL,NULL,0,0,2),
	(25,NULL,1,'JORDAN',NULL,NULL,NULL,'JORDAN',NULL,NULL,0,0,2),
	(26,NULL,1,'MUTANTE ',NULL,NULL,NULL,'MUTANTE ',NULL,NULL,0,0,2),
	(27,NULL,1,'DARIL',NULL,NULL,NULL,'DARIL',NULL,NULL,0,0,2),
	(28,NULL,1,'CLAUDIA',NULL,NULL,NULL,'CLAUDIA',NULL,NULL,0,0,2),
	(29,NULL,1,'LEBLON',NULL,NULL,NULL,'LEBLON',NULL,NULL,0,0,2),
	(30,NULL,1,'ANTERO',NULL,NULL,NULL,'ANTERO',NULL,NULL,0,0,2),
	(31,NULL,1,'LADY',NULL,NULL,NULL,'LADY',NULL,NULL,0,0,2),
	(32,NULL,1,'LEMOS',NULL,NULL,NULL,'LEMOS',NULL,NULL,0,0,2),
	(33,NULL,1,'SIMAS',NULL,NULL,NULL,'SIMAS',NULL,NULL,0,0,2),
	(34,NULL,1,'THEA',NULL,NULL,NULL,'THEA',NULL,NULL,0,0,2),
	(35,NULL,1,'COMODORO',NULL,NULL,NULL,'COMODORO',NULL,NULL,0,0,2),
	(36,NULL,1,'EGÍDIO',NULL,NULL,NULL,'EGÍDIO',NULL,NULL,0,0,2),
	(37,NULL,1,'ALBERTO',NULL,NULL,NULL,'ALBERTO',NULL,NULL,0,0,2),
	(38,NULL,1,'PALOMA',NULL,NULL,NULL,'PALOMA',NULL,NULL,0,0,2),
	(39,NULL,1,'FERA',NULL,NULL,NULL,'FERA',NULL,NULL,0,0,2),
	(40,NULL,1,'GAUCHA',NULL,NULL,NULL,'GAUCHA',NULL,NULL,0,0,2),
	(41,NULL,1,'DIGGORY',NULL,NULL,NULL,'DIGGORY',NULL,NULL,0,0,2),
	(42,NULL,1,'RONI',NULL,NULL,NULL,'RONI',NULL,NULL,0,0,2),
	(43,NULL,1,'BELLINI',NULL,NULL,NULL,'BELLINI',NULL,NULL,0,0,2),
	(44,NULL,1,'ANGRA',NULL,NULL,NULL,'ANGRA',NULL,NULL,0,0,2),
	(45,NULL,1,'ANDRADE',NULL,NULL,NULL,'ANDRADE',NULL,NULL,0,0,2),
	(46,NULL,1,'CHICAGO',NULL,NULL,NULL,'CHICAGO',NULL,NULL,0,0,2),
	(47,NULL,1,'NEUDIR',NULL,NULL,NULL,'NEUDIR',NULL,NULL,0,0,2),
	(48,NULL,1,'JAYME',NULL,NULL,NULL,'JAYME',NULL,NULL,0,0,2),
	(49,NULL,1,'HORIZANTE',NULL,NULL,NULL,'HORIZANTE',NULL,NULL,0,0,2),
	(50,NULL,1,'SIUÇA',NULL,NULL,NULL,'SIUÇA',NULL,NULL,0,0,2),
	(51,NULL,1,'KICASA',NULL,NULL,NULL,'KICASA',NULL,NULL,0,0,2),
	(52,NULL,1,'LILA',NULL,NULL,NULL,'LILA',NULL,NULL,0,0,2),
	(53,NULL,1,'HIDRA',NULL,NULL,NULL,'HIDRA',NULL,NULL,0,0,2),
	(54,NULL,1,'BIGU',NULL,NULL,NULL,'BIGU',NULL,NULL,0,0,2),
	(55,NULL,1,'REBOUÇAS',NULL,NULL,NULL,'REBOUÇAS',NULL,NULL,0,0,2),
	(56,NULL,1,'MORETI',NULL,NULL,NULL,'MORETI',NULL,NULL,0,0,2),
	(57,NULL,1,'SUFFI',NULL,NULL,NULL,'SUFFI',NULL,NULL,0,0,2),
	(58,NULL,1,'GIOVANA',NULL,NULL,NULL,'GIOVANA',NULL,NULL,0,0,2),
	(59,NULL,1,'VALMONT',NULL,NULL,NULL,'VALMONT',NULL,NULL,0,0,2),
	(60,NULL,1,'LUPETTI',NULL,NULL,NULL,'LUPETTI',NULL,NULL,0,0,2),
	(61,NULL,1,'MARCKER',NULL,NULL,NULL,'MARCKER',NULL,NULL,0,0,2),
	(62,NULL,1,'EVANDRO',NULL,NULL,NULL,'EVANDRO',NULL,NULL,0,0,2),
	(63,NULL,1,'MARFLEX',NULL,NULL,NULL,'MARFLEX',NULL,NULL,0,0,2),
	(64,NULL,1,'MANZANO',NULL,NULL,NULL,'MANZANO',NULL,NULL,0,0,2),
	(65,NULL,1,'VIEIRA',NULL,NULL,NULL,'VIEIRA',NULL,NULL,0,0,2),
	(66,NULL,1,'IVANA',NULL,NULL,NULL,'IVANA',NULL,NULL,0,0,2),
	(67,NULL,1,'SHIRLEY',NULL,NULL,NULL,'SHIRLEY',NULL,NULL,0,0,2),
	(68,NULL,1,'PALU',NULL,NULL,NULL,'PALU',NULL,NULL,0,0,2),
	(69,NULL,1,'LAURYN',NULL,NULL,NULL,'LAURYN',NULL,NULL,0,0,2),
	(70,NULL,1,'WESS',NULL,NULL,NULL,'WESS',NULL,NULL,0,0,2),
	(71,NULL,1,'SALETI',NULL,NULL,NULL,'SALETI',NULL,NULL,0,0,2),
	(72,NULL,1,'KARLUCIA',NULL,NULL,NULL,'KARLUCIA',NULL,NULL,0,0,2),
	(73,NULL,1,'ELLAY',NULL,NULL,NULL,'ELLAY',NULL,NULL,0,0,2),
	(74,NULL,1,'MAGALI',NULL,NULL,NULL,'MAGALI',NULL,NULL,0,0,2),
	(75,NULL,1,'PALLAZIO',NULL,NULL,NULL,'PALLAZIO',NULL,NULL,0,0,2),
	(76,NULL,1,'HEROS',NULL,NULL,NULL,'HEROS',NULL,NULL,0,0,2),
	(77,NULL,1,'PAMELA',NULL,NULL,NULL,'PAMELA',NULL,NULL,0,0,2),
	(78,NULL,1,'SHEIK',NULL,NULL,NULL,'SHEIK',NULL,NULL,0,0,2),
	(79,NULL,1,'THAIS',NULL,NULL,NULL,'THAIS',NULL,NULL,0,0,2),
	(80,NULL,1,'HELOA',NULL,NULL,NULL,'HELOA',NULL,NULL,0,0,2),
	(81,NULL,1,'CABRINY',NULL,NULL,NULL,'CABRINY',NULL,NULL,0,0,2),
	(82,NULL,1,'FONTELES',NULL,NULL,NULL,'FONTELES',NULL,NULL,0,0,2),
	(83,NULL,1,'VOGUE',NULL,NULL,NULL,'VOGUE',NULL,NULL,0,0,2),
	(84,NULL,1,'MARILAN',NULL,NULL,NULL,'MARILAN',NULL,NULL,0,0,2),
	(85,NULL,1,'NATALIA',NULL,NULL,NULL,'NATALIA',NULL,NULL,0,0,2),
	(86,NULL,1,'SAID',NULL,NULL,NULL,'SAID',NULL,NULL,0,0,2),
	(87,NULL,1,'PLUMA',NULL,NULL,NULL,'PLUMA',NULL,NULL,0,0,2),
	(88,NULL,1,'VALERIUS',NULL,NULL,NULL,'VALERIUS',NULL,NULL,0,0,2),
	(89,NULL,1,'RUEDA',NULL,NULL,NULL,'RUEDA',NULL,NULL,0,0,2),
	(90,NULL,1,'ANJO',NULL,NULL,NULL,'ANJO',NULL,NULL,0,0,2),
	(91,NULL,1,'TATIARA',NULL,NULL,NULL,'TATIARA',NULL,NULL,0,0,2),
	(92,NULL,1,'ELEONORA',NULL,NULL,NULL,'ELEONORA',NULL,NULL,0,0,2),
	(93,NULL,1,'MORANDA',NULL,NULL,NULL,'MORANDA',NULL,NULL,0,0,2),
	(94,NULL,1,'CARMELITA',NULL,NULL,NULL,'CARMELITA',NULL,NULL,0,0,2),
	(95,NULL,1,'PONCE',NULL,NULL,NULL,'PONCE',NULL,NULL,0,0,2),
	(96,NULL,1,'MARTYNA',NULL,NULL,NULL,'MARTYNA',NULL,NULL,0,0,2),
	(97,NULL,1,'TOMÉ',NULL,NULL,NULL,'TOMÉ',NULL,NULL,0,0,2),
	(98,NULL,1,'CARDOZO',NULL,NULL,NULL,'CARDOZO',NULL,NULL,0,0,2),
	(99,NULL,1,'EIKE',NULL,NULL,NULL,'EIKE',NULL,NULL,0,0,2),
	(100,NULL,1,'ARIANA',NULL,NULL,NULL,'ARIANA',NULL,NULL,0,0,2),
	(101,NULL,1,'ROSANGELA',NULL,NULL,NULL,'ROSANGELA',NULL,NULL,0,0,2),
	(102,NULL,1,'LARLUCIA ',NULL,NULL,NULL,'LARLUCIA ',NULL,NULL,0,0,2),
	(103,NULL,1,'MALAQUIAS',NULL,NULL,NULL,'MALAQUIAS',NULL,NULL,0,0,2),
	(104,NULL,1,'CARDOSO',NULL,NULL,NULL,'CARDOSO',NULL,NULL,0,0,2),
	(105,NULL,1,'SARDA',NULL,NULL,NULL,'SARDA',NULL,NULL,0,0,2),
	(106,NULL,1,'REGINA',NULL,NULL,NULL,'REGINA',NULL,NULL,0,0,2),
	(107,NULL,1,'SAULO',NULL,NULL,NULL,'SAULO',NULL,NULL,0,0,2),
	(108,NULL,1,'MILTA',NULL,NULL,NULL,'MILTA',NULL,NULL,0,0,2),
	(109,NULL,1,'EDWILSON',NULL,NULL,NULL,'EDWILSON',NULL,NULL,0,0,2),
	(110,NULL,1,'PARREIRA',NULL,NULL,NULL,'PARREIRA',NULL,NULL,0,0,2),
	(111,NULL,1,'JOAO',NULL,NULL,NULL,'JOAO',NULL,NULL,0,0,2),
	(112,NULL,1,'DARLÉIA',NULL,NULL,NULL,'DARLÉIA',NULL,NULL,0,0,2),
	(113,NULL,1,'PITAGORAS',NULL,NULL,NULL,'PITAGORAS',NULL,NULL,0,0,2),
	(114,NULL,1,'IBIZA',NULL,NULL,NULL,'IBIZA',NULL,NULL,0,0,2),
	(115,NULL,1,'MEREBRO',NULL,NULL,NULL,'MEREBRO',NULL,NULL,0,0,2),
	(116,NULL,1,'JOSEFA',NULL,NULL,NULL,'JOSEFA',NULL,NULL,0,0,2),
	(117,NULL,1,'DAY',NULL,NULL,NULL,'DAY',NULL,NULL,0,0,2),
	(118,NULL,1,'CARVALHO',NULL,NULL,NULL,'CARVALHO',NULL,NULL,0,0,2),
	(119,NULL,1,'TOCKITO',NULL,NULL,NULL,'TOCKITO',NULL,NULL,0,0,2),
	(120,NULL,1,'CHRONOS',NULL,NULL,NULL,'CHRONOS',NULL,NULL,0,0,2),
	(121,NULL,1,'DENVER',NULL,NULL,NULL,'DENVER',NULL,NULL,0,0,2),
	(122,NULL,1,'NETTO  ',NULL,NULL,NULL,'NETTO  ',NULL,NULL,0,0,2),
	(123,NULL,1,'LIDIA',NULL,NULL,NULL,'LIDIA',NULL,NULL,0,0,2),
	(124,NULL,1,'JOY',NULL,NULL,NULL,'JOY',NULL,NULL,0,0,2),
	(125,NULL,1,'JUDITE',NULL,NULL,NULL,'JUDITE',NULL,NULL,0,0,2),
	(126,NULL,1,'BICUDO',NULL,NULL,NULL,'BICUDO',NULL,NULL,0,0,2),
	(127,NULL,1,'VERALICE',NULL,NULL,NULL,'VERALICE',NULL,NULL,0,0,2),
	(128,NULL,1,'PETRÓLEO',NULL,NULL,NULL,'PETRÓLEO',NULL,NULL,0,0,2),
	(129,NULL,1,'TAMASSIA',NULL,NULL,NULL,'TAMASSIA',NULL,NULL,0,0,2),
	(130,NULL,1,'KALEL',NULL,NULL,NULL,'KALEL',NULL,NULL,0,0,2),
	(131,NULL,1,'ELANTRA',NULL,NULL,NULL,'ELANTRA',NULL,NULL,0,0,2),
	(132,NULL,1,'LINA',NULL,NULL,NULL,'LINA',NULL,NULL,0,0,2),
	(133,NULL,1,'ROSIMEIRE',NULL,NULL,NULL,'ROSIMEIRE',NULL,NULL,0,0,2),
	(134,NULL,1,'LEBLOM',NULL,NULL,NULL,'LEBLOM',NULL,NULL,0,0,2),
	(135,NULL,1,'TAYSON',NULL,NULL,NULL,'TAYSON',NULL,NULL,0,0,2),
	(136,NULL,1,'VAL',NULL,NULL,NULL,'VAL',NULL,NULL,0,0,2),
	(137,NULL,1,'ETHEL',NULL,NULL,NULL,'ETHEL',NULL,NULL,0,0,2),
	(138,NULL,1,'THEYLA',NULL,NULL,NULL,'THEYLA',NULL,NULL,0,0,2),
	(139,NULL,1,'PUMA',NULL,NULL,NULL,'PUMA',NULL,NULL,0,0,2),
	(140,NULL,1,'ELI',NULL,NULL,NULL,'ELI',NULL,NULL,0,0,2),
	(141,NULL,1,'OYAMA',NULL,NULL,NULL,'OYAMA',NULL,NULL,0,0,2),
	(142,NULL,1,'GATIONI',NULL,NULL,NULL,'GATIONI',NULL,NULL,0,0,2),
	(143,NULL,1,'ZEFA',NULL,NULL,NULL,'ZEFA',NULL,NULL,0,0,2),
	(144,NULL,1,'ALEXANDRA',NULL,NULL,NULL,'ALEXANDRA',NULL,NULL,0,0,2),
	(145,NULL,1,'FERREIRA',NULL,NULL,NULL,'FERREIRA',NULL,NULL,0,0,2),
	(146,NULL,1,'KALINKA',NULL,NULL,NULL,'KALINKA',NULL,NULL,0,0,2),
	(147,NULL,1,'EMILIA ',NULL,NULL,NULL,'EMILIA ',NULL,NULL,0,0,2),
	(148,NULL,1,'NAMIE',NULL,NULL,NULL,'NAMIE',NULL,NULL,0,0,2),
	(149,NULL,1,'MOGNO',NULL,NULL,NULL,'MOGNO',NULL,NULL,0,0,2),
	(150,NULL,1,'ASSIS',NULL,NULL,NULL,'ASSIS',NULL,NULL,0,0,2),
	(151,NULL,1,'ZELIA',NULL,NULL,NULL,'ZELIA',NULL,NULL,0,0,2),
	(152,NULL,1,'KALYNKA',NULL,NULL,NULL,'KALYNKA',NULL,NULL,0,0,2),
	(153,NULL,1,'MACOY',NULL,NULL,NULL,'MACOY',NULL,NULL,0,0,2),
	(154,NULL,1,'ANDREZA',NULL,NULL,NULL,'ANDREZA',NULL,NULL,0,0,2),
	(155,NULL,1,'ZANA',NULL,NULL,NULL,'ZANA',NULL,NULL,0,0,2),
	(156,NULL,1,'ZUQUINI',NULL,NULL,NULL,'ZUQUINI',NULL,NULL,0,0,2),
	(157,NULL,1,'CELIA',NULL,NULL,NULL,'CELIA',NULL,NULL,0,0,2),
	(158,NULL,1,'ROQUE',NULL,NULL,NULL,'ROQUE',NULL,NULL,0,0,2),
	(159,NULL,1,'ARTHUR',NULL,NULL,NULL,'ARTHUR',NULL,NULL,0,0,2),
	(160,NULL,1,'ZAFIA',NULL,NULL,NULL,'ZAFIA',NULL,NULL,0,0,2),
	(161,NULL,1,'VISA',NULL,NULL,NULL,'VISA',NULL,NULL,0,0,2),
	(162,NULL,1,'REY',NULL,NULL,NULL,'REY',NULL,NULL,0,0,2),
	(163,NULL,1,'VERISSIMO',NULL,NULL,NULL,'VERISSIMO',NULL,NULL,0,0,2),
	(164,NULL,1,'MARCELINO',NULL,NULL,NULL,'MARCELINO',NULL,NULL,0,0,2),
	(165,NULL,1,'ROSSI',NULL,NULL,NULL,'ROSSI',NULL,NULL,0,0,2),
	(166,NULL,1,'IGOR',NULL,NULL,NULL,'IGOR',NULL,NULL,0,0,2),
	(167,NULL,1,'CHEER',NULL,NULL,NULL,'CHEER',NULL,NULL,0,0,2),
	(168,NULL,1,'RONY',NULL,NULL,NULL,'RONY',NULL,NULL,0,0,2),
	(169,NULL,1,'GOFFER',NULL,NULL,NULL,'GOFFER',NULL,NULL,0,0,2),
	(170,NULL,1,'MANCUZO',NULL,NULL,NULL,'MANCUZO',NULL,NULL,0,0,2),
	(171,NULL,1,'SANTRO',NULL,NULL,NULL,'SANTRO',NULL,NULL,0,0,2),
	(172,NULL,1,'MARCIA',NULL,NULL,NULL,'MARCIA',NULL,NULL,0,0,2),
	(173,NULL,1,'RALPH',NULL,NULL,NULL,'RALPH',NULL,NULL,0,0,2),
	(174,NULL,1,'BIZELLI',NULL,NULL,NULL,'BIZELLI',NULL,NULL,0,0,2),
	(175,NULL,1,'ALESSA',NULL,NULL,NULL,'ALESSA',NULL,NULL,0,0,2),
	(176,NULL,1,'MONAVI',NULL,NULL,NULL,'MONAVI',NULL,NULL,0,0,2),
	(177,NULL,1,'DANIELA',NULL,NULL,NULL,'DANIELA',NULL,NULL,0,0,2),
	(178,NULL,1,'FARO',NULL,NULL,NULL,'FARO',NULL,NULL,0,0,2),
	(179,NULL,1,'ANANIAS',NULL,NULL,NULL,'ANANIAS',NULL,NULL,0,0,2),
	(180,NULL,1,'JOSETE',NULL,NULL,NULL,'JOSETE',NULL,NULL,0,0,2),
	(181,NULL,1,'MACIEL',NULL,NULL,NULL,'MACIEL',NULL,NULL,0,0,2),
	(182,NULL,1,'THUANI',NULL,NULL,NULL,'THUANI',NULL,NULL,0,0,2),
	(183,NULL,1,'EXPEDITO',NULL,NULL,NULL,'EXPEDITO',NULL,NULL,0,0,2),
	(184,NULL,1,'WESLEY',NULL,NULL,NULL,'WESLEY',NULL,NULL,0,0,2),
	(185,NULL,1,'ADA ',NULL,NULL,NULL,'ADA ',NULL,NULL,0,0,2),
	(186,NULL,1,'EDMAR',NULL,NULL,NULL,'EDMAR',NULL,NULL,0,0,2),
	(187,NULL,1,'LOLIS',NULL,NULL,NULL,'LOLIS',NULL,NULL,0,0,2),
	(188,NULL,1,'DELFINA',NULL,NULL,NULL,'DELFINA',NULL,NULL,0,0,2),
	(189,NULL,1,'JALYS',NULL,NULL,NULL,'JALYS',NULL,NULL,0,0,2),
	(190,NULL,1,'ITAMAR',NULL,NULL,NULL,'ITAMAR',NULL,NULL,0,0,2),
	(191,NULL,1,'REINK',NULL,NULL,NULL,'REINK',NULL,NULL,0,0,2),
	(192,NULL,1,'EDEMARIO',NULL,NULL,NULL,'EDEMARIO',NULL,NULL,0,0,2),
	(193,NULL,1,'LIA',NULL,NULL,NULL,'LIA',NULL,NULL,0,0,2),
	(194,NULL,1,'LEVITICO',NULL,NULL,NULL,'LEVITICO',NULL,NULL,0,0,2),
	(195,NULL,1,'NICE',NULL,NULL,NULL,'NICE',NULL,NULL,0,0,2),
	(196,NULL,1,'DANIEL',NULL,NULL,NULL,'DANIEL',NULL,NULL,0,0,2),
	(197,NULL,1,'MICHELE',NULL,NULL,NULL,'MICHELE',NULL,NULL,0,0,2),
	(198,NULL,1,'JONAS',NULL,NULL,NULL,'JONAS',NULL,NULL,0,0,2),
	(199,NULL,1,'KITRIA',NULL,NULL,NULL,'KITRIA',NULL,NULL,0,0,2),
	(200,NULL,1,'GABY',NULL,NULL,NULL,'GABY',NULL,NULL,0,0,2),
	(201,NULL,1,'CABRAL',NULL,NULL,NULL,'CABRAL',NULL,NULL,0,0,2),
	(202,NULL,1,'LOBATO',NULL,NULL,NULL,'LOBATO',NULL,NULL,0,0,2),
	(203,NULL,1,'IDALINA',NULL,NULL,NULL,'IDALINA',NULL,NULL,0,0,2),
	(204,NULL,1,'RIGON',NULL,NULL,NULL,'RIGON',NULL,NULL,0,0,2),
	(205,NULL,1,'KIARA',NULL,NULL,NULL,'KIARA',NULL,NULL,0,0,2),
	(206,NULL,1,'SHIRLEI LUC',NULL,NULL,NULL,'SHIRLEI LUC',NULL,NULL,0,0,2),
	(207,NULL,1,'FLORES',NULL,NULL,NULL,'FLORES',NULL,NULL,0,0,2),
	(208,NULL,1,'CALIXTO',NULL,NULL,NULL,'CALIXTO',NULL,NULL,0,0,2),
	(209,NULL,1,'CREMILDA',NULL,NULL,NULL,'CREMILDA',NULL,NULL,0,0,2),
	(210,NULL,1,'FENDY',NULL,NULL,NULL,'FENDY',NULL,NULL,0,0,2),
	(211,NULL,1,'PEIXOTO',NULL,NULL,NULL,'PEIXOTO',NULL,NULL,0,0,2),
	(212,NULL,1,'JALLYS',NULL,NULL,NULL,'JALLYS',NULL,NULL,0,0,2),
	(213,NULL,1,'TORRES',NULL,NULL,NULL,'TORRES',NULL,NULL,0,0,2),
	(214,NULL,1,'KIKI',NULL,NULL,NULL,'KIKI',NULL,NULL,0,0,2),
	(215,NULL,1,'CLEO',NULL,NULL,NULL,'CLEO',NULL,NULL,0,0,2),
	(216,NULL,1,'FEITOSA',NULL,NULL,NULL,'FEITOSA',NULL,NULL,0,0,2),
	(217,NULL,1,'ADIAM',NULL,NULL,NULL,'ADIAM',NULL,NULL,0,0,2),
	(218,NULL,1,'LAUREANE',NULL,NULL,NULL,'LAUREANE',NULL,NULL,0,0,2),
	(219,NULL,1,'LECY',NULL,NULL,NULL,'LECY',NULL,NULL,0,0,2),
	(220,NULL,1,'TOBIAS',NULL,NULL,NULL,'TOBIAS',NULL,NULL,0,0,2),
	(221,NULL,1,'ZEZE',NULL,NULL,NULL,'ZEZE',NULL,NULL,0,0,2),
	(222,NULL,1,'RABINO',NULL,NULL,NULL,'RABINO',NULL,NULL,0,0,2),
	(223,NULL,1,'CELSO',NULL,NULL,NULL,'CELSO',NULL,NULL,0,0,2),
	(224,NULL,1,'ANAMYA',NULL,NULL,NULL,'ANAMYA',NULL,NULL,0,0,2),
	(225,NULL,1,'AKIRA',NULL,NULL,NULL,'AKIRA',NULL,NULL,0,0,2),
	(226,NULL,1,'KITY',NULL,NULL,NULL,'KITY',NULL,NULL,0,0,2),
	(227,NULL,1,'TOKYO',NULL,NULL,NULL,'TOKYO',NULL,NULL,0,0,2),
	(228,NULL,1,'VEDINA',NULL,NULL,NULL,'VEDINA',NULL,NULL,0,0,2),
	(229,NULL,1,'GALEGO',NULL,NULL,NULL,'GALEGO',NULL,NULL,0,0,2),
	(230,NULL,1,'TURQUIA',NULL,NULL,NULL,'TURQUIA',NULL,NULL,0,0,2),
	(231,NULL,1,'HARCAS',NULL,NULL,NULL,'HARCAS',NULL,NULL,0,0,2),
	(232,NULL,1,'RUSSA',NULL,NULL,NULL,'RUSSA',NULL,NULL,0,0,2),
	(233,NULL,1,'MICHELLE',NULL,NULL,NULL,'MICHELLE',NULL,NULL,0,0,2),
	(234,NULL,1,'CUNHA',NULL,NULL,NULL,'CUNHA',NULL,NULL,0,0,2),
	(235,NULL,1,'MORENA',NULL,NULL,NULL,'MORENA',NULL,NULL,0,0,2),
	(236,NULL,1,'LOPES',NULL,NULL,NULL,'LOPES',NULL,NULL,0,0,2),
	(237,NULL,1,'LUZIA',NULL,NULL,NULL,'LUZIA',NULL,NULL,0,0,2),
	(238,NULL,1,'SORAYA',NULL,NULL,NULL,'SORAYA',NULL,NULL,0,0,2),
	(239,NULL,1,'CARUSO',NULL,NULL,NULL,'CARUSO',NULL,NULL,0,0,2),
	(240,NULL,1,'DINY',NULL,NULL,NULL,'DINY',NULL,NULL,0,0,2),
	(241,NULL,1,'GRINGO',NULL,NULL,NULL,'GRINGO',NULL,NULL,0,0,2),
	(242,NULL,1,'SANTIAGO',NULL,NULL,NULL,'SANTIAGO',NULL,NULL,0,0,2),
	(243,NULL,1,'SOHAEN',NULL,NULL,NULL,'SOHAEN',NULL,NULL,0,0,2),
	(244,NULL,1,'PIZZONI',NULL,NULL,NULL,'PIZZONI',NULL,NULL,0,0,2),
	(245,NULL,1,'BRANCA',NULL,NULL,NULL,'BRANCA',NULL,NULL,0,0,2),
	(246,NULL,1,'MIVHELLE',NULL,NULL,NULL,'MIVHELLE',NULL,NULL,0,0,2),
	(247,NULL,1,'VALENTE',NULL,NULL,NULL,'VALENTE',NULL,NULL,0,0,2),
	(248,NULL,1,'IZOLDO',NULL,NULL,NULL,'IZOLDO',NULL,NULL,0,0,2),
	(249,NULL,1,'MAZAROLO',NULL,NULL,NULL,'MAZAROLO',NULL,NULL,0,0,2),
	(250,NULL,1,'EVA',NULL,NULL,NULL,'EVA',NULL,NULL,0,0,2),
	(251,NULL,1,'KIKA',NULL,NULL,NULL,'KIKA',NULL,NULL,0,0,2),
	(252,NULL,1,'IZOLDA',NULL,NULL,NULL,'IZOLDA',NULL,NULL,0,0,2),
	(253,NULL,1,'WAGNER',NULL,NULL,NULL,'WAGNER',NULL,NULL,0,0,2),
	(254,NULL,1,'MARLUCE',NULL,NULL,NULL,'MARLUCE',NULL,NULL,0,0,2),
	(255,NULL,1,'SUDARIO',NULL,NULL,NULL,'SUDARIO',NULL,NULL,0,0,2),
	(256,NULL,1,'MATTE',NULL,NULL,NULL,'MATTE',NULL,NULL,0,0,2),
	(257,NULL,1,'TOMAS',NULL,NULL,NULL,'TOMAS',NULL,NULL,0,0,2),
	(258,NULL,1,'ADOMILSON',NULL,NULL,NULL,'ADOMILSON',NULL,NULL,0,0,2),
	(259,NULL,1,'GUEDES',NULL,NULL,NULL,'GUEDES',NULL,NULL,0,0,2),
	(260,NULL,1,'HORTENCIA ',NULL,NULL,NULL,'HORTENCIA ',NULL,NULL,0,0,2),
	(261,NULL,1,'NILZA',NULL,NULL,NULL,'NILZA',NULL,NULL,0,0,2),
	(262,NULL,1,'LORENA',NULL,NULL,NULL,'LORENA',NULL,NULL,0,0,2),
	(263,NULL,1,'DANETE',NULL,NULL,NULL,'DANETE',NULL,NULL,0,0,2),
	(264,NULL,1,'ADRIANA',NULL,NULL,NULL,'ADRIANA',NULL,NULL,0,0,2),
	(265,NULL,1,'LUAN',NULL,NULL,NULL,'LUAN',NULL,NULL,0,0,2),
	(266,NULL,1,'GREGORY',NULL,NULL,NULL,'GREGORY',NULL,NULL,0,0,2),
	(267,NULL,1,'IAN',NULL,NULL,NULL,'IAN',NULL,NULL,0,0,2),
	(268,NULL,1,'LUIZE',NULL,NULL,NULL,'LUIZE',NULL,NULL,0,0,2),
	(269,NULL,1,'CLEBER',NULL,NULL,NULL,'CLEBER',NULL,NULL,0,0,2),
	(270,NULL,1,'HELIO',NULL,NULL,NULL,'HELIO',NULL,NULL,0,0,2),
	(271,NULL,1,'BENTO',NULL,NULL,NULL,'BENTO',NULL,NULL,0,0,2),
	(272,NULL,1,'ATHENA',NULL,NULL,NULL,'ATHENA',NULL,NULL,0,0,2),
	(273,NULL,1,'CAPITÃO',NULL,NULL,NULL,'CAPITÃO',NULL,NULL,0,0,2),
	(274,NULL,1,'TELMA',NULL,NULL,NULL,'TELMA',NULL,NULL,0,0,2),
	(275,NULL,1,'EDNA',NULL,NULL,NULL,'EDNA',NULL,NULL,0,0,2),
	(276,NULL,1,'VOX',NULL,NULL,NULL,'VOX',NULL,NULL,0,0,2),
	(277,NULL,1,'DIGORRY',NULL,NULL,NULL,'DIGORRY',NULL,NULL,0,0,2),
	(278,NULL,1,'GREG',NULL,NULL,NULL,'GREG',NULL,NULL,0,0,2),
	(279,NULL,1,'JAIR',NULL,NULL,NULL,'JAIR',NULL,NULL,0,0,2),
	(280,NULL,1,'PARRA',NULL,NULL,NULL,'PARRA',NULL,NULL,0,0,2),
	(289,'58bf708475b7f',4,'Luciano Souza','lco.souza@gmail.com','603cd5ee719eedbc1c55cef20dda7fba','16257186838','AOSPO','(11) 89898-0980','',1,0,1);

/*!40000 ALTER TABLE `usuarios` ENABLE KEYS */;
UNLOCK TABLES;


# Dump da tabela usuarios_resgates
# ------------------------------------------------------------

DROP TABLE IF EXISTS `usuarios_resgates`;

CREATE TABLE `usuarios_resgates` (
  `id` int(11) NOT NULL AUTO_INCREMENT,
  `usuario` int(11) NOT NULL,
  `valor` int(11) DEFAULT '0',
  `data_criado` datetime DEFAULT NULL COMMENT 'Data que foi inserido no banco',
  PRIMARY KEY (`id`),
  KEY `idx_usuarios_resgates_usuario` (`usuario`),
  CONSTRAINT `fk_usuarios_resgates_usuario` FOREIGN KEY (`usuario`) REFERENCES `usuarios` (`id`) ON DELETE CASCADE ON UPDATE NO ACTION
) ENGINE=InnoDB DEFAULT CHARSET=utf8;



# Dump da tabela vendas
# ------------------------------------------------------------

DROP TABLE IF EXISTS `vendas`;

CREATE TABLE `vendas` (
  `id` int(11) NOT NULL AUTO_INCREMENT,
  `empreendimento` int(11) NOT NULL,
  `estagio` int(11) NOT NULL,
  `unidade` varchar(50) DEFAULT NULL,
  `torre` varchar(50) DEFAULT NULL,
  `data_contrato` date DEFAULT NULL,
  `data_criado` datetime DEFAULT NULL,
  `vgv_liquido` decimal(9,2) DEFAULT NULL,
  `parente` int(11) DEFAULT '0',
  `status` int(11) DEFAULT '0',
  PRIMARY KEY (`id`),
  KEY `idx_vendas_empreendimento` (`empreendimento`),
  KEY `idx_vendas_estagio` (`estagio`),
  CONSTRAINT `fk_vendas_empreendimento` FOREIGN KEY (`empreendimento`) REFERENCES `empreendimentos` (`id`) ON DELETE CASCADE ON UPDATE NO ACTION,
  CONSTRAINT `fk_vendas_estagio` FOREIGN KEY (`estagio`) REFERENCES `estagios` (`id`) ON DELETE CASCADE ON UPDATE NO ACTION
) ENGINE=InnoDB DEFAULT CHARSET=utf8;

LOCK TABLES `vendas` WRITE;
/*!40000 ALTER TABLE `vendas` DISABLE KEYS */;

INSERT INTO `vendas` (`id`, `empreendimento`, `estagio`, `unidade`, `torre`, `data_contrato`, `data_criado`, `vgv_liquido`, `parente`, `status`)
VALUES
	(1,1193,2,'807','C','2016-11-02','2017-03-06 11:38:37',188791.00,0,0),
	(2,1194,2,'134','7D','2016-11-02','2017-03-06 11:38:37',245713.00,0,0),
	(3,1193,2,'703','C','2016-11-03','2017-03-06 11:38:37',188791.00,0,0),
	(4,1193,2,'603','A','2016-11-04','2017-03-06 11:38:37',188791.00,0,0),
	(5,1193,2,'807','A','2016-11-04','2017-03-06 11:38:37',188791.00,0,0),
	(6,1195,2,'22',NULL,'2016-11-04','2017-03-06 11:38:37',264687.00,0,0),
	(7,1193,2,'507','A','2016-11-05','2017-03-06 11:38:37',188791.00,0,0),
	(8,1196,4,'706',NULL,'2016-11-05','2017-03-06 11:38:37',213458.00,0,0),
	(9,1196,4,'606',NULL,'2016-11-05','2017-03-06 11:38:37',213458.00,0,0),
	(10,1196,4,'1403',NULL,'2016-11-06','2017-03-06 11:38:37',213458.00,0,0),
	(11,1193,2,'307','C','2016-11-06','2017-03-06 11:38:37',188791.00,0,0),
	(12,1197,3,'123','A','2016-11-06','2017-03-06 11:38:37',181202.00,0,0),
	(13,1193,2,'303','B','2016-11-06','2017-03-06 11:38:37',188791.00,0,0),
	(14,1193,2,'804','B','2016-11-06','2017-03-06 11:38:37',189645.00,0,0),
	(15,1193,2,'803','C','2016-11-06','2017-03-06 11:38:37',188791.00,0,0),
	(16,1193,2,'303','C','2016-11-06','2017-03-06 11:38:37',188791.00,0,0),
	(17,1198,2,'134','B','2016-11-06','2017-03-06 11:38:37',189645.00,0,0),
	(18,1193,2,'906','C','2016-11-06','2017-03-06 11:38:37',188791.00,0,0),
	(19,1195,2,'21',NULL,'2016-11-06','2017-03-06 11:38:37',264687.00,0,0),
	(20,1199,2,'72','B','2016-11-06','2017-03-06 11:38:37',274174.00,0,0),
	(21,1200,3,'51','B','2016-11-06','2017-03-06 11:38:37',214384.00,0,0),
	(22,1199,2,'68','B','2016-11-06','2017-03-06 11:38:37',237175.00,0,0),
	(23,1201,4,'2','A','2016-11-03','2017-03-06 11:38:37',192776.00,0,0),
	(24,1201,4,'706','A','2016-11-04','2017-03-06 11:38:37',170671.00,0,0),
	(25,1201,4,'803','A','2016-11-04','2017-03-06 11:38:37',170671.00,0,0),
	(26,1201,4,'705','B','2017-02-03','2017-03-06 11:38:37',170671.00,0,0),
	(27,1201,4,'12','C','2016-11-06','2017-03-06 11:38:37',192776.00,0,0),
	(28,1201,4,'305','D','2016-11-06','2017-03-06 11:38:37',170671.00,0,0),
	(29,1201,4,'406','D','2016-11-06','2017-03-06 11:38:38',170671.00,0,0),
	(30,1201,4,'503','D','2016-11-06','2017-03-06 11:38:38',170671.00,0,0),
	(31,1201,4,'604','D','2016-11-06','2017-03-06 11:38:38',170671.00,0,0),
	(32,1201,4,'703','D','2016-11-04','2017-03-06 11:38:38',170671.00,0,0),
	(33,1202,4,'602',NULL,'2016-11-05','2017-03-06 11:38:38',178450.00,0,0),
	(34,1202,4,'606',NULL,'2016-11-05','2017-03-06 11:38:38',178450.00,0,0),
	(35,1202,4,'701',NULL,'2016-11-05','2017-03-06 11:38:38',178450.00,0,0),
	(36,1202,4,'707',NULL,'2016-11-05','2017-03-06 11:38:38',182814.00,0,0),
	(37,1202,4,'202',NULL,'2016-11-05','2017-03-06 11:38:38',174561.00,0,0),
	(38,1202,4,'1208',NULL,'2016-11-05','2017-03-06 11:38:38',186704.00,0,0),
	(39,1202,4,'501',NULL,'2016-11-05','2017-03-06 11:38:38',178450.00,0,0),
	(40,1202,4,'208',NULL,'2016-11-05','2017-03-06 11:38:38',178925.00,0,0),
	(41,1202,4,'206',NULL,'2016-11-05','2017-03-06 11:38:38',174561.00,0,0),
	(42,1202,4,'16',NULL,'2016-11-05','2017-03-06 11:38:38',170671.00,0,0),
	(43,1202,4,'1008',NULL,'2016-11-05','2017-03-06 11:38:38',186704.00,0,0),
	(44,1202,4,'507',NULL,'2016-11-05','2017-03-06 11:38:38',182814.00,0,0),
	(45,1202,4,'1',NULL,'2016-11-05','2017-03-06 11:38:38',170671.00,0,0),
	(46,1202,4,'604',NULL,'2016-11-05','2017-03-06 11:38:38',178450.00,0,0),
	(47,1202,4,'402',NULL,'2016-11-06','2017-03-06 11:38:38',178450.00,0,0),
	(48,1202,4,'204',NULL,'2016-11-06','2017-03-06 11:38:38',174561.00,0,0),
	(49,1202,4,'301',NULL,'2016-11-06','2017-03-06 11:38:38',178450.00,0,0),
	(50,1202,4,'1004',NULL,'2016-11-06','2017-03-06 11:38:38',182340.00,0,0),
	(51,1203,2,'209','B','2016-11-08','2017-03-06 11:38:38',188791.00,0,0),
	(52,1204,2,'62','3F','2016-11-09','2017-03-06 11:38:38',264687.00,0,0),
	(53,1205,2,'2','F','2016-11-09','2017-03-06 11:38:38',288308.00,0,0),
	(54,1199,2,'106','A','2016-11-10','2017-03-06 11:38:38',283661.00,0,0),
	(55,1206,3,'136',NULL,'2016-11-11','2017-03-06 11:38:38',275028.00,0,0),
	(56,1207,2,'96','B','2016-11-12','2017-03-06 11:38:38',283661.00,0,0),
	(57,1195,2,'138',NULL,'2016-11-12','2017-03-06 11:38:38',274174.00,0,0),
	(58,1208,2,'111','D','2016-11-12','2017-03-06 11:38:38',279867.00,0,0),
	(59,1207,2,'116','B','2016-11-13','2017-03-06 11:38:38',283661.00,0,0),
	(60,1207,2,'132','A','2016-11-13','2017-03-06 11:38:38',327302.00,0,0),
	(61,1199,2,'103','B','2016-11-13','2017-03-06 11:38:38',283661.00,0,0),
	(62,1203,2,'608','A','2016-11-13','2017-03-06 11:38:38',188791.00,0,0),
	(63,1201,4,'806','B','2016-11-07','2017-03-06 11:38:38',170671.00,0,0),
	(64,1201,4,'705','D','2016-11-09','2017-03-06 11:38:38',170671.00,0,0),
	(65,1201,4,'605','A','2016-11-09','2017-03-06 11:38:38',170671.00,0,0),
	(66,1201,4,'505','B','2016-11-09','2017-03-06 11:38:38',170671.00,0,0),
	(67,1201,4,'503','B','2016-11-10','2017-03-06 11:38:38',170671.00,0,0),
	(68,1201,4,'203','A','2016-11-11','2017-03-06 11:38:38',170671.00,0,0),
	(69,1201,4,'603','A','2016-11-13','2017-03-06 11:38:38',170671.00,0,0),
	(70,1209,2,'24','A','2016-11-07','2017-03-06 11:38:38',278918.00,0,0),
	(71,1197,3,'66','B','2016-11-07','2017-03-06 11:38:38',177407.00,0,0),
	(72,1193,2,'1004','B','2016-11-07','2017-03-06 11:38:38',188791.00,0,0),
	(73,1202,4,'406',NULL,'2016-11-07','2017-03-06 11:38:38',178450.00,0,0),
	(74,1193,2,'508','B','2016-11-08','2017-03-06 11:38:38',188791.00,0,0),
	(75,1210,3,'116','B','2016-11-08','2017-03-06 11:38:38',188791.00,0,0),
	(76,1193,2,'504','C','2016-11-08','2017-03-06 11:38:38',188791.00,0,0),
	(77,1193,2,'510','C','2016-11-08','2017-03-06 11:38:38',188791.00,0,0),
	(78,1193,2,'602','C','2016-11-08','2017-03-06 11:38:38',188791.00,0,0),
	(79,1211,2,'107','C','2016-11-09','2017-03-06 11:38:38',188791.00,0,0),
	(80,1196,4,'504',NULL,'2016-11-10','2017-03-06 11:38:38',213458.00,0,0),
	(81,1196,4,'1205',NULL,'2016-11-10','2017-03-06 11:38:38',213458.00,0,0),
	(82,1197,3,'24','A','2016-11-11','2017-03-06 11:38:38',177407.00,0,0),
	(83,1212,3,'145','B','2016-11-11','2017-03-06 11:38:38',202168.00,0,0),
	(84,1213,3,'102','B','2016-11-12','2017-03-06 11:38:38',406992.00,0,0),
	(85,1214,3,'173','A','2016-11-12','2017-03-06 11:38:38',188791.00,0,0),
	(86,1213,3,'202','B','2016-11-13','2017-03-06 11:38:38',406992.00,0,0),
	(87,1213,3,'218','B','2016-11-13','2017-03-06 11:38:38',406992.00,0,0),
	(88,1215,3,'111',NULL,'2016-11-13','2017-03-06 11:38:38',272087.00,0,0),
	(89,1196,4,'1307',NULL,'2016-11-13','2017-03-06 11:38:38',213458.00,0,0),
	(90,1193,2,'907','C','2016-11-14','2017-03-06 11:38:38',188791.00,0,0),
	(91,1193,2,'210','B','2016-11-14','2017-03-06 11:38:38',188791.00,0,0),
	(92,1193,2,'309','B','2016-11-14','2017-03-06 11:38:38',188791.00,0,0),
	(93,1193,2,'5','A','2016-11-14','2017-03-06 11:38:38',179304.00,0,0),
	(94,1193,2,'209','B','2016-11-14','2017-03-06 11:38:38',188791.00,0,0),
	(95,1216,3,'24','A','2016-11-14','2017-03-06 11:38:38',198278.00,0,0),
	(96,1212,3,'77','A','2016-11-14','2017-03-06 11:38:38',197140.00,0,0),
	(97,1210,3,'145','B','2016-11-14','2017-03-06 11:38:38',195432.00,0,0),
	(98,1214,3,'52','A','2016-11-15','2017-03-06 11:38:38',189645.00,0,0),
	(99,1215,3,'106',NULL,'2016-11-15','2017-03-06 11:38:38',262790.00,0,0),
	(100,1197,3,'75','A','2016-11-15','2017-03-06 11:38:38',181202.00,0,0),
	(101,1202,4,'12',NULL,'2016-11-15','2017-03-06 11:38:38',170671.00,0,0),
	(102,1196,4,'1105',NULL,'2016-11-15','2017-03-06 11:38:38',213458.00,0,0),
	(103,1197,3,'128','B','2016-11-15','2017-03-06 11:38:38',184997.00,0,0),
	(104,1214,3,'165','A','2016-11-15','2017-03-06 11:38:38',189740.00,0,0),
	(105,1210,3,'104','A','2016-11-15','2017-03-06 11:38:38',188791.00,0,0),
	(106,1197,3,'113','A','2016-11-15','2017-03-06 11:38:38',181202.00,0,0),
	(107,1213,3,'188','B','2016-11-16','2017-03-06 11:38:38',406992.00,0,0),
	(108,1196,4,'2308',NULL,'2016-11-16','2017-03-06 11:38:38',213458.00,0,0),
	(109,1217,3,'1002',NULL,'2016-11-19','2017-03-06 11:38:38',284515.00,0,0),
	(110,1218,3,'143','B','2016-11-19','2017-03-06 11:38:38',198278.00,0,0),
	(111,1196,4,'604',NULL,'2016-11-19','2017-03-06 11:38:38',213458.00,0,0),
	(112,1196,4,'1207',NULL,'2016-11-19','2017-03-06 11:38:38',213458.00,0,0),
	(113,1193,2,'302','C','2016-11-20','2017-03-06 11:38:38',188791.00,0,0),
	(114,1196,4,'1203',NULL,'2016-11-20','2017-03-06 11:38:38',213458.00,0,0),
	(115,1213,3,'162','A','2016-11-20','2017-03-06 11:38:38',284515.00,0,0),
	(116,1196,4,'1005',NULL,'2016-11-20','2017-03-06 11:38:38',213458.00,0,0),
	(117,1199,2,'102','A','2016-11-14','2017-03-06 11:38:38',274174.00,0,0),
	(118,1195,2,'153',NULL,'2016-11-14','2017-03-06 11:38:38',222945.00,0,0),
	(119,1205,2,'42','F','2016-11-14','2017-03-06 11:38:38',285559.00,0,0),
	(120,1201,4,'806','A','2016-11-14','2017-03-06 11:38:38',170671.00,0,0),
	(121,1201,4,'804','B','2016-11-15','2017-03-06 11:38:38',170671.00,0,0),
	(122,1201,4,'304','A','2016-11-16','2017-03-06 11:38:38',170671.00,0,0),
	(123,1219,2,'142','H','2016-11-16','2017-03-06 11:38:38',264687.00,0,0),
	(124,1220,2,'181','C','2016-11-16','2017-03-06 11:38:38',198278.00,0,0),
	(125,1201,4,'303','D','2016-11-17','2017-03-06 11:38:38',170671.00,0,0),
	(126,1221,2,'38','D','2016-11-17','2017-03-06 11:38:38',283661.00,0,0),
	(127,1222,3,'17','CASA','2016-11-18','2017-03-06 11:38:38',341532.00,0,0),
	(128,1201,4,'703','B','2016-11-19','2017-03-06 11:38:38',170671.00,0,0),
	(129,1201,4,'104','C','2016-11-19','2017-03-06 11:38:38',170671.00,0,0),
	(130,1201,4,'805','C','2016-11-21','2017-03-06 11:38:38',170671.00,0,0),
	(131,1201,4,'205','A','2016-11-21','2017-03-06 11:38:38',170671.00,0,0),
	(132,1199,2,'96','B','2016-11-23','2017-03-06 11:38:38',283661.00,0,0),
	(133,1199,2,'67','B','2016-11-24','2017-03-06 11:38:38',274174.00,0,0),
	(134,1221,2,'33','CASA','2016-11-24','2017-03-06 11:38:38',323757.00,0,0),
	(135,1207,2,'82','A','2016-11-25','2017-03-06 11:38:38',278823.00,0,0),
	(136,1219,2,'161','H','2016-11-27','2017-03-06 11:38:38',259944.00,0,0),
	(137,1204,2,'164','H','2016-11-27','2017-03-06 11:38:38',264687.00,0,0),
	(138,1196,4,'101',NULL,'2016-11-21','2017-03-06 11:38:38',245713.00,0,0),
	(139,1196,4,'508',NULL,'2016-11-21','2017-03-06 11:38:38',213458.00,0,0),
	(140,1197,3,'37','B','2016-11-21','2017-03-06 11:38:38',187843.00,0,0),
	(141,1193,2,'905','C','2016-11-22','2017-03-06 11:38:38',188791.00,0,0),
	(142,1213,3,'121','A','2016-11-22','2017-03-06 11:38:38',279107.00,0,0),
	(143,1209,2,'168','A','2016-11-23','2017-03-06 11:38:38',327984.00,0,0),
	(144,1223,2,'101','18','2016-11-26','2017-03-06 11:38:38',189645.00,0,0),
	(145,1197,3,'138','B','2016-11-26','2017-03-06 11:38:38',189740.00,0,0),
	(146,1213,3,'152','A','2016-11-27','2017-03-06 11:38:38',284515.00,0,0),
	(147,1202,4,'302',NULL,'2016-11-27','2017-03-06 11:38:38',178450.00,0,0),
	(148,1197,3,'47','B','2016-11-27','2017-03-06 11:38:38',176458.00,0,0),
	(149,1213,3,'161','A','2016-11-27','2017-03-06 11:38:38',279772.00,0,0),
	(150,1193,2,'308','B','2016-11-27','2017-03-06 11:38:38',184049.00,0,0),
	(151,1210,3,'166','A','2016-11-27','2017-03-06 11:38:38',184049.00,0,0),
	(152,1218,3,'44','A','2016-11-27','2017-03-06 11:38:38',193535.00,0,0),
	(153,1214,3,'138','A','2016-11-27','2017-03-06 11:38:38',184902.00,0,0),
	(154,1210,3,'164','A','2016-11-27','2017-03-06 11:38:38',184048.00,0,0),
	(155,1193,2,'1005','B','2016-11-24','2017-03-06 11:38:38',188791.00,0,0),
	(156,1224,4,'102','A','2016-11-26','2017-03-06 11:38:38',179304.00,0,0),
	(157,1224,4,'104','A','2016-11-27','2017-03-06 11:38:38',179304.00,0,0),
	(158,1224,4,'304','A','2016-11-26','2017-03-06 11:38:38',183099.00,0,0),
	(159,1224,4,'308','A','2016-11-27','2017-03-06 11:38:38',183099.00,0,0),
	(160,1224,4,'403','A','2016-11-27','2017-03-06 11:38:38',211560.00,0,0),
	(161,1224,4,'405','A','2016-11-27','2017-03-06 11:38:38',211560.00,0,0),
	(162,1224,4,'407','A','2016-11-27','2017-03-06 11:38:38',211560.00,0,0),
	(163,1224,4,'409','A','2016-11-26','2017-03-06 11:38:38',214406.00,0,0),
	(164,1224,4,'502','A','2016-11-26','2017-03-06 11:38:38',183099.00,0,0),
	(165,1224,4,'504','A','2016-11-27','2017-03-06 11:38:38',183099.00,0,0),
	(166,1224,4,'506','A','2016-11-26','2017-03-06 11:38:38',183099.00,0,0),
	(167,1224,4,'508','A','2016-11-26','2017-03-06 11:38:38',183099.00,0,0),
	(168,1224,4,'510','A','2016-11-26','2017-03-06 11:38:38',183099.00,0,0),
	(169,1224,4,'601','A','2016-11-27','2017-03-06 11:38:38',217252.00,0,0),
	(170,1224,4,'702','A','2016-11-26','2017-03-06 11:38:38',186894.00,0,0),
	(171,1224,4,'704','A','2016-11-27','2017-03-06 11:38:38',186894.00,0,0),
	(172,1224,4,'706','A','2016-11-26','2017-03-06 11:38:38',186894.00,0,0),
	(173,1224,4,'708','A','2016-11-27','2017-03-06 11:38:38',186894.00,0,0),
	(174,1224,4,'710','A','2016-11-26','2017-03-06 11:38:38',186894.00,0,0),
	(175,1224,4,'803','A','2016-11-26','2017-03-06 11:38:38',214406.00,0,0),
	(176,1224,4,'805','A','2016-11-26','2017-03-06 11:38:38',203686.00,0,0),
	(177,1224,4,'807','A','2016-11-27','2017-03-06 11:38:38',214406.00,0,0),
	(178,1224,4,'809','A','2016-11-27','2017-03-06 11:38:38',217252.00,0,0),
	(179,1224,4,'902','A','2016-11-26','2017-03-06 11:38:38',186894.00,0,0),
	(180,1224,4,'904','A','2016-11-27','2017-03-06 11:38:38',186894.00,0,0),
	(181,1224,4,'908','A','2016-11-27','2017-03-06 11:38:38',186894.00,0,0),
	(182,1224,4,'910','A','2016-11-26','2017-03-06 11:38:38',186894.00,0,0),
	(183,1224,4,'1001','A','2016-11-27','2017-03-06 11:38:38',220098.00,0,0),
	(184,1224,4,'1009','A','2016-11-27','2017-03-06 11:38:38',220098.00,0,0),
	(185,1224,4,'1102','A','2016-11-27','2017-03-06 11:38:38',190689.00,0,0),
	(186,1224,4,'1104','A','2016-11-26','2017-03-06 11:38:38',190689.00,0,0),
	(187,1224,4,'1106','A','2016-11-27','2017-03-06 11:38:38',190689.00,0,0),
	(188,1224,4,'1110','A','2016-11-26','2017-03-06 11:38:38',190689.00,0,0),
	(189,1224,4,'1201','A','2016-11-27','2017-03-06 11:38:38',220098.00,0,0),
	(190,1224,4,'1207','A','2016-11-26','2017-03-06 11:38:38',217252.00,0,0),
	(191,1224,4,'1209','A','2016-11-26','2017-03-06 11:38:38',220098.00,0,0),
	(192,1224,4,'1302','A','2016-11-26','2017-03-06 11:38:38',190689.00,0,0),
	(193,1224,4,'1304','A','2016-11-27','2017-03-06 11:38:38',190689.00,0,0),
	(194,1224,4,'1308','A','2016-11-27','2017-03-06 11:38:38',190689.00,0,0),
	(195,1224,4,'1310','A','2016-11-27','2017-03-06 11:38:38',190689.00,0,0),
	(196,1224,4,'1401','A','2016-11-26','2017-03-06 11:38:38',222945.00,0,0),
	(197,1224,4,'1502','A','2016-11-26','2017-03-06 11:38:38',194484.00,0,0),
	(198,1224,4,'1504','A','2016-11-27','2017-03-06 11:38:38',194484.00,0,0),
	(199,1224,4,'1510','A','2016-11-26','2017-03-06 11:38:38',194484.00,0,0),
	(200,1224,4,'1601','A','2016-11-26','2017-03-06 11:38:38',222945.00,0,0),
	(201,1224,4,'1607','A','2016-11-27','2017-03-06 11:38:38',220098.00,0,0),
	(202,1224,4,'1609','A','2016-11-26','2017-03-06 11:38:38',222945.00,0,0),
	(203,1224,4,'9','B','2016-11-27','2017-03-06 11:38:38',183099.00,0,0),
	(204,1224,4,'101','B','2016-11-27','2017-03-06 11:38:38',183099.00,0,0),
	(205,1224,4,'103','B','2016-11-26','2017-03-06 11:38:38',183099.00,0,0),
	(206,1224,4,'105','B','2016-11-26','2017-03-06 11:38:38',183099.00,0,0),
	(207,1224,4,'107','B','2016-11-27','2017-03-06 11:38:38',183099.00,0,0),
	(208,1224,4,'109','B','2016-11-26','2017-03-06 11:38:38',183099.00,0,0),
	(209,1224,4,'202','B','2016-11-26','2017-03-06 11:38:38',183099.00,0,0),
	(210,1224,4,'204','B','2016-11-27','2017-03-06 11:38:38',183099.00,0,0),
	(211,1224,4,'206','B','2016-11-26','2017-03-06 11:38:38',183099.00,0,0),
	(212,1224,4,'208','B','2016-11-27','2017-03-06 11:38:38',183099.00,0,0),
	(213,1224,4,'301','B','2016-11-26','2017-03-06 11:38:38',186894.00,0,0),
	(214,1224,4,'303','B','2016-11-26','2017-03-06 11:38:38',186894.00,0,0),
	(215,1224,4,'305','B','2016-11-26','2017-03-06 11:38:38',186894.00,0,0),
	(216,1224,4,'307','B','2016-11-27','2017-03-06 11:38:38',186894.00,0,0),
	(217,1224,4,'309','B','2016-11-27','2017-03-06 11:38:38',186894.00,0,0),
	(218,1224,4,'402','B','2016-11-26','2017-03-06 11:38:38',183099.00,0,0),
	(219,1224,4,'404','B','2016-11-26','2017-03-06 11:38:38',183099.00,0,0),
	(220,1224,4,'408','B','2016-11-27','2017-03-06 11:38:38',183099.00,0,0),
	(221,1224,4,'410','B','2016-11-26','2017-03-06 11:38:38',183099.00,0,0),
	(222,1224,4,'501','B','2016-11-27','2017-03-06 11:38:38',186894.00,0,0),
	(223,1224,4,'503','B','2016-11-26','2017-03-06 11:38:38',186894.00,0,0),
	(224,1224,4,'505','B','2016-11-27','2017-03-06 11:38:38',186894.00,0,0),
	(225,1224,4,'509','B','2016-11-26','2017-03-06 11:38:38',186894.00,0,0),
	(226,1224,4,'604','B','2016-11-26','2017-03-06 11:38:38',190689.00,0,0),
	(227,1224,4,'606','B','2016-11-27','2017-03-06 11:38:38',186894.00,0,0),
	(228,1224,4,'608','B','2016-11-27','2017-03-06 11:38:38',186894.00,0,0),
	(229,1224,4,'610','B','2016-11-26','2017-03-06 11:38:38',186894.00,0,0),
	(230,1224,4,'701','B','2016-11-27','2017-03-06 11:38:38',190689.00,0,0),
	(231,1224,4,'703','B','2016-11-27','2017-03-06 11:38:38',190689.00,0,0),
	(232,1224,4,'707','B','2016-11-27','2017-03-06 11:38:38',190689.00,0,0),
	(233,1224,4,'709','B','2016-11-27','2017-03-06 11:38:38',190689.00,0,0),
	(234,1224,4,'802','B','2016-11-27','2017-03-06 11:38:38',186894.00,0,0),
	(235,1224,4,'804','B','2016-11-26','2017-03-06 11:38:38',186894.00,0,0),
	(236,1224,4,'806','B','2016-11-27','2017-03-06 11:38:38',186894.00,0,0),
	(237,1224,4,'808','B','2016-11-27','2017-03-06 11:38:38',186894.00,0,0),
	(238,1224,4,'810','B','2016-11-26','2017-03-06 11:38:38',186894.00,0,0),
	(239,1224,4,'901','B','2016-11-27','2017-03-06 11:38:38',190689.00,0,0),
	(240,1224,4,'903','B','2016-11-26','2017-03-06 11:38:38',190689.00,0,0),
	(241,1224,4,'905','B','2016-11-26','2017-03-06 11:38:38',190689.00,0,0),
	(242,1224,4,'907','B','2016-11-27','2017-03-06 11:38:38',190689.00,0,0),
	(243,1224,4,'909','B','2016-11-26','2017-03-06 11:38:38',190689.00,0,0),
	(244,1224,4,'1002','B','2016-11-26','2017-03-06 11:38:38',190689.00,0,0),
	(245,1224,4,'1006','B','2016-11-27','2017-03-06 11:38:38',190689.00,0,0),
	(246,1224,4,'1008','B','2016-11-27','2017-03-06 11:38:38',190689.00,0,0),
	(247,1224,4,'1101','B','2016-11-27','2017-03-06 11:38:38',194484.00,0,0),
	(248,1224,4,'1105','B','2016-11-27','2017-03-06 11:38:38',194484.00,0,0),
	(249,1224,4,'1107','B','2016-11-27','2017-03-06 11:38:38',194484.00,0,0),
	(250,1224,4,'1109','B','2016-11-27','2017-03-06 11:38:38',194484.00,0,0),
	(251,1224,4,'1202','B','2016-11-26','2017-03-06 11:38:38',190689.00,0,0),
	(252,1224,4,'1204','B','2016-11-26','2017-03-06 11:38:38',190689.00,0,0),
	(253,1224,4,'1208','B','2016-11-27','2017-03-06 11:38:38',190689.00,0,0),
	(254,1224,4,'1210','B','2016-11-27','2017-03-06 11:38:38',190689.00,0,0),
	(255,1224,4,'1301','B','2016-11-27','2017-03-06 11:38:38',194484.00,0,0),
	(256,1224,4,'1303','B','2016-11-27','2017-03-06 11:38:38',194484.00,0,0),
	(257,1224,4,'1305','B','2016-11-27','2017-03-06 11:38:38',194484.00,0,0),
	(258,1224,4,'1309','B','2016-11-27','2017-03-06 11:38:38',194484.00,0,0),
	(259,1224,4,'1402','B','2016-11-26','2017-03-06 11:38:38',194484.00,0,0),
	(260,1224,4,'1404','B','2016-11-26','2017-03-06 11:38:38',194484.00,0,0),
	(261,1224,4,'1410','B','2016-11-27','2017-03-06 11:38:38',194484.00,0,0),
	(262,1224,4,'1509','B','2016-11-26','2017-03-06 11:38:38',198278.00,0,0),
	(263,1224,4,'1602','B','2016-11-26','2017-03-06 11:38:38',194484.00,0,0),
	(264,1224,4,'1604','B','2016-11-26','2017-03-06 11:38:38',194484.00,0,0),
	(265,1224,4,'1610','B','2016-11-27','2017-03-06 11:38:38',194484.00,0,0),
	(266,1209,2,'176','B','2016-11-28','2017-03-06 11:38:38',323241.00,0,0),
	(267,1218,3,'155','B','2016-11-30','2017-03-06 11:38:38',198278.00,0,0),
	(268,1213,3,'141','A','2016-11-30','2017-03-06 11:38:38',284515.00,0,0),
	(269,1218,3,'85','B','2016-12-01','2017-03-06 11:38:38',198278.00,0,0),
	(270,1213,3,'58','B','2016-12-01','2017-03-06 11:38:38',402249.00,0,0),
	(271,1210,3,'156','A','2016-12-01','2017-03-06 11:38:38',188791.00,0,0),
	(272,1213,3,'131','A','2016-12-01','2017-03-06 11:38:38',284515.00,0,0),
	(273,1220,2,'36','E','2016-11-28','2017-03-06 11:38:38',198278.00,0,0),
	(274,1199,2,'92','B','2016-11-28','2017-03-06 11:38:38',274174.00,0,0),
	(275,1207,2,'16','B','2016-11-28','2017-03-06 11:38:38',266585.00,0,0),
	(276,1221,2,'40','CASA','2016-11-29','2017-03-06 11:38:38',462845.00,0,0),
	(277,1208,2,'136','D','2016-11-30','2017-03-06 11:38:38',279867.00,0,0),
	(278,1195,2,'256',NULL,'2016-11-30','2017-03-06 11:38:38',203971.00,0,0),
	(279,1199,2,'92','A','2016-11-30','2017-03-06 11:38:38',269431.00,0,0),
	(280,1200,3,'21','B','2016-12-01','2017-03-06 11:38:38',211086.00,0,0),
	(281,1207,2,'92','B','2016-12-01','2017-03-06 11:38:38',274174.00,0,0),
	(282,1224,4,'1206','B','2016-11-29','2017-03-06 11:38:38',190689.00,0,0),
	(283,1224,4,'410','A','2016-11-30','2017-03-06 11:38:38',183099.00,0,0),
	(284,1224,4,'604','A','2016-12-01','2017-03-06 11:38:38',186894.00,0,0),
	(285,1224,4,'706','B','2016-12-02','2017-03-06 11:38:38',186894.00,0,0),
	(286,1201,4,'801','C','2016-11-06','2017-03-06 11:38:38',199132.00,0,0);

/*!40000 ALTER TABLE `vendas` ENABLE KEYS */;
UNLOCK TABLES;


# Dump da tabela vendas_usuarios
# ------------------------------------------------------------

DROP TABLE IF EXISTS `vendas_usuarios`;

CREATE TABLE `vendas_usuarios` (
  `id` int(11) NOT NULL AUTO_INCREMENT,
  `venda` int(11) NOT NULL,
  `usuario` int(11) NOT NULL,
  `perfil` int(11) NOT NULL,
  `pontuacao` int(11) DEFAULT NULL,
  PRIMARY KEY (`id`),
  KEY `idx_vendas_usuarios_perfil` (`perfil`),
  KEY `idx_vendas_usuarios_usuario` (`usuario`),
  KEY `idx_vendas_usuarios_venda` (`venda`),
  CONSTRAINT `fk_vendas_usuarios_perfil` FOREIGN KEY (`perfil`) REFERENCES `perfis` (`id`) ON DELETE CASCADE ON UPDATE NO ACTION,
  CONSTRAINT `fk_vendas_usuarios_usuario` FOREIGN KEY (`usuario`) REFERENCES `usuarios` (`id`) ON DELETE CASCADE ON UPDATE NO ACTION,
  CONSTRAINT `fk_vendas_usuarios_venda` FOREIGN KEY (`venda`) REFERENCES `vendas` (`id`) ON DELETE CASCADE ON UPDATE NO ACTION
) ENGINE=InnoDB DEFAULT CHARSET=utf8;

LOCK TABLES `vendas_usuarios` WRITE;
/*!40000 ALTER TABLE `vendas_usuarios` DISABLE KEYS */;

INSERT INTO `vendas_usuarios` (`id`, `venda`, `usuario`, `perfil`, `pontuacao`)
VALUES
	(11903,1,1,2,4600),
	(11904,1,2,3,2300),
	(11905,1,3,4,1400),
	(11906,1,4,4,1400),
	(11907,2,5,2,9950),
	(11908,2,6,3,5000),
	(11909,3,7,2,4600),
	(11910,3,8,3,2300),
	(11911,3,3,4,1400),
	(11912,3,4,4,1400),
	(11913,4,9,2,4600),
	(11914,4,10,3,2300),
	(11915,4,3,4,1400),
	(11916,4,4,4,1400),
	(11917,5,3,4,1400),
	(11918,5,4,4,1400),
	(11919,6,11,2,10700),
	(11920,6,12,3,5350),
	(11921,6,13,4,3200),
	(11922,7,14,2,4600),
	(11923,7,15,3,2300),
	(11924,7,3,4,1400),
	(11925,7,4,4,1400),
	(11926,8,16,2,2900),
	(11927,8,17,3,1450),
	(11928,8,18,4,850),
	(11929,8,19,4,850),
	(11930,8,20,4,850),
	(11931,9,21,2,2900),
	(11932,9,22,3,1450),
	(11933,9,18,4,850),
	(11934,9,19,4,850),
	(11935,9,20,4,850),
	(11936,10,21,2,2900),
	(11937,10,22,3,1450),
	(11938,10,18,4,850),
	(11939,10,19,4,850),
	(11940,10,20,4,850),
	(11941,11,23,2,4600),
	(11942,11,24,3,2300),
	(11943,11,3,4,1400),
	(11944,11,4,4,1400),
	(11945,12,25,2,4900),
	(11946,12,26,3,2450),
	(11947,12,27,4,1450),
	(11948,12,26,4,1450),
	(11949,13,28,2,4600),
	(11950,13,12,3,2300),
	(11951,13,3,4,1400),
	(11952,13,4,4,1400),
	(11953,14,4,2,4600),
	(11954,14,29,3,2300),
	(11955,14,3,4,1400),
	(11956,15,30,2,4600),
	(11957,15,2,3,2300),
	(11958,15,3,4,1400),
	(11959,15,4,4,1400),
	(11960,16,15,2,4600),
	(11961,16,15,3,2300),
	(11962,16,3,4,1400),
	(11963,16,4,4,1400),
	(11964,17,31,2,7700),
	(11965,17,15,3,3850),
	(11966,17,10,4,2300),
	(11967,17,29,4,2300),
	(11968,17,32,4,2300),
	(11969,18,33,2,2300),
	(11970,18,34,2,2300),
	(11971,18,35,3,750),
	(11972,18,26,3,750),
	(11973,18,36,3,750),
	(11974,18,27,4,450),
	(11975,19,37,2,10700),
	(11976,19,6,3,5350),
	(11977,19,13,4,3200),
	(11978,20,38,2,11100),
	(11979,20,39,3,5550),
	(11980,21,40,2,5800),
	(11981,21,2,3,1450),
	(11982,21,41,3,1450),
	(11983,21,42,4,850),
	(11984,22,43,2,9600),
	(11985,22,12,3,4800),
	(11986,22,39,4,2900),
	(11987,23,44,2,2600),
	(11988,23,45,3,1300),
	(11989,23,46,4,800),
	(11990,23,24,4,800),
	(11991,23,47,4,800),
	(11992,23,48,4,800),
	(11993,24,49,2,2300),
	(11994,24,6,3,1150),
	(11995,24,46,4,700),
	(11996,24,24,4,700),
	(11997,24,47,4,700),
	(11998,24,48,4,700),
	(11999,25,50,2,2300),
	(12000,25,2,3,1150),
	(12001,25,46,4,700),
	(12002,25,24,4,700),
	(12003,25,47,4,700),
	(12004,25,48,4,700),
	(12005,26,33,2,2300),
	(12006,26,35,3,1150),
	(12007,26,46,4,700),
	(12008,26,24,4,700),
	(12009,26,47,4,700),
	(12010,26,48,4,700),
	(12011,27,51,2,2600),
	(12012,27,47,3,1300),
	(12013,27,46,4,800),
	(12014,27,24,4,800),
	(12015,27,48,4,800),
	(12016,28,52,2,2300),
	(12017,28,24,3,1150),
	(12018,28,46,4,700),
	(12019,28,47,4,700),
	(12020,28,48,4,700),
	(12021,29,53,2,2300),
	(12022,29,54,3,1150),
	(12023,29,46,4,700),
	(12024,29,24,4,700),
	(12025,29,47,4,700),
	(12026,29,48,4,700),
	(12027,30,55,2,2300),
	(12028,30,24,3,1150),
	(12029,30,46,4,700),
	(12030,30,47,4,700),
	(12031,30,48,4,700),
	(12032,31,56,2,1150),
	(12033,31,57,2,1150),
	(12034,31,46,3,1150),
	(12035,31,24,4,700),
	(12036,31,47,4,700),
	(12037,31,48,4,700),
	(12038,32,49,2,2300),
	(12039,32,6,3,1150),
	(12040,32,46,4,700),
	(12041,32,24,4,700),
	(12042,32,47,4,700),
	(12043,32,48,4,700),
	(12044,33,58,2,2400),
	(12045,33,45,3,1200),
	(12046,33,10,4,700),
	(12047,33,29,4,700),
	(12048,33,32,4,700),
	(12049,34,58,2,2400),
	(12050,34,45,3,1200),
	(12051,34,10,4,700),
	(12052,34,29,4,700),
	(12053,34,32,4,700),
	(12054,35,59,2,2400),
	(12055,35,60,3,1200),
	(12056,35,10,4,700),
	(12057,35,29,4,700),
	(12058,35,32,4,700),
	(12059,36,61,2,2450),
	(12060,36,10,3,1250),
	(12061,36,29,4,750),
	(12062,36,32,4,750),
	(12063,37,62,2,2350),
	(12064,37,15,3,1200),
	(12065,37,10,4,700),
	(12066,37,29,4,700),
	(12067,37,32,4,700),
	(12068,38,62,2,2500),
	(12069,38,15,3,1250),
	(12070,38,10,4,750),
	(12071,38,29,4,750),
	(12072,38,32,4,750),
	(12073,39,63,2,2400),
	(12074,39,2,3,1200),
	(12075,39,10,4,700),
	(12076,39,29,4,700),
	(12077,39,32,4,700),
	(12078,40,64,2,2400),
	(12079,40,65,3,1200),
	(12080,40,10,4,750),
	(12081,40,29,4,750),
	(12082,40,32,4,750),
	(12083,41,66,2,2350),
	(12084,41,2,3,1200),
	(12085,41,10,4,700),
	(12086,41,29,4,700),
	(12087,41,32,4,700),
	(12088,42,67,2,2300),
	(12089,42,10,3,1150),
	(12090,42,29,4,700),
	(12091,42,32,4,700),
	(12092,43,68,2,2500),
	(12093,43,65,3,1250),
	(12094,43,10,4,750),
	(12095,43,29,4,750),
	(12096,43,32,4,750),
	(12097,44,62,2,2450),
	(12098,44,15,3,1250),
	(12099,44,10,4,750),
	(12100,44,29,4,750),
	(12101,44,32,4,750),
	(12102,45,66,2,2300),
	(12103,45,2,3,1150),
	(12104,45,10,4,700),
	(12105,45,29,4,700),
	(12106,45,32,4,700),
	(12107,46,69,2,2400),
	(12108,46,29,3,1200),
	(12109,46,10,4,700),
	(12110,46,32,4,700),
	(12111,47,70,2,2400),
	(12112,47,10,3,1200),
	(12113,47,29,4,700),
	(12114,47,32,4,700),
	(12115,48,44,2,1200),
	(12116,48,71,2,1200),
	(12117,48,45,3,600),
	(12118,48,72,3,600),
	(12119,48,10,4,350),
	(12120,48,29,4,350),
	(12121,48,32,4,350),
	(12122,49,73,2,2400),
	(12123,49,46,3,1200),
	(12124,49,10,4,700),
	(12125,49,29,4,700),
	(12126,49,32,4,700),
	(12127,50,44,2,2450),
	(12128,50,45,3,1250),
	(12129,50,10,4,750),
	(12130,50,29,4,750),
	(12131,50,32,4,750),
	(12132,51,74,2,7650),
	(12133,51,75,3,3800),
	(12134,51,76,4,2300),
	(12135,52,5,2,10700),
	(12136,52,6,3,5350),
	(12137,53,77,2,11700),
	(12138,53,54,3,5850),
	(12139,53,32,4,3500),
	(12140,54,38,2,11500),
	(12141,54,39,3,5750),
	(12142,55,78,2,3700),
	(12143,55,79,2,3700),
	(12144,55,12,3,1850),
	(12145,55,80,3,1850),
	(12146,55,8,4,1100),
	(12147,55,45,4,1100),
	(12148,56,81,2,11500),
	(12149,56,36,3,5750),
	(12150,56,39,4,3450),
	(12151,57,82,2,11100),
	(12152,57,8,3,5550),
	(12153,57,13,4,3350),
	(12154,58,83,2,11350),
	(12155,58,48,3,5650),
	(12156,59,84,2,11500),
	(12157,59,26,3,5750),
	(12158,59,39,4,3450),
	(12159,60,85,2,13250),
	(12160,60,47,3,6650),
	(12161,60,39,4,4000),
	(12162,61,86,2,11500),
	(12163,61,20,3,2850),
	(12164,61,87,3,2850),
	(12165,61,39,4,1700),
	(12166,62,88,2,7650),
	(12167,62,47,3,3800),
	(12168,62,32,4,2300),
	(12169,63,89,2,2300),
	(12170,63,46,3,1150),
	(12171,63,24,4,700),
	(12172,63,47,4,700),
	(12173,63,48,4,700),
	(12174,64,90,2,2300),
	(12175,64,47,3,1150),
	(12176,64,46,4,700),
	(12177,64,24,4,700),
	(12178,64,48,4,700),
	(12179,65,88,2,2300),
	(12180,65,47,3,1150),
	(12181,65,46,4,700),
	(12182,65,24,4,700),
	(12183,65,48,4,700),
	(12184,66,52,2,2300),
	(12185,66,24,3,1150),
	(12186,66,46,4,700),
	(12187,66,47,4,700),
	(12188,66,48,4,700),
	(12189,67,91,2,1150),
	(12190,67,92,2,1150),
	(12191,67,46,3,1150),
	(12192,67,24,4,700),
	(12193,67,47,4,700),
	(12194,67,48,4,700),
	(12195,68,56,2,2300),
	(12196,68,46,3,1150),
	(12197,68,24,4,700),
	(12198,68,47,4,700),
	(12199,68,48,4,700),
	(12200,69,93,2,2300),
	(12201,69,45,3,1150),
	(12202,69,46,4,700),
	(12203,69,24,4,700),
	(12204,69,47,4,700),
	(12205,69,48,4,700),
	(12206,70,94,2,5650),
	(12207,70,95,2,5650),
	(12208,70,45,3,5650),
	(12209,70,96,4,3400),
	(12210,70,97,4,3400),
	(12211,71,27,2,4800),
	(12212,71,98,3,2400),
	(12213,71,26,4,1450),
	(12214,72,99,2,4600),
	(12215,72,41,3,1150),
	(12216,72,2,3,1150),
	(12217,72,3,4,700),
	(12218,72,4,4,700),
	(12219,73,100,2,1200),
	(12220,73,101,2,1200),
	(12221,73,102,3,1200),
	(12222,73,10,4,700),
	(12223,73,29,4,700),
	(12224,73,32,4,700),
	(12225,74,86,2,4600),
	(12226,74,20,3,1150),
	(12227,74,80,3,1150),
	(12228,74,3,4,700),
	(12229,74,4,4,700),
	(12230,75,103,2,5100),
	(12231,75,104,3,2550),
	(12232,75,27,4,1550),
	(12233,75,26,4,1550),
	(12234,76,105,2,4600),
	(12235,76,48,3,2300),
	(12236,76,3,4,1400),
	(12237,76,4,4,1400),
	(12238,77,9,2,4600),
	(12239,77,10,3,2300),
	(12240,77,4,4,1400),
	(12241,77,41,4,1400),
	(12242,78,86,2,4600),
	(12243,78,20,3,1150),
	(12244,78,80,3,1150),
	(12245,78,3,4,700),
	(12246,78,4,4,700),
	(12247,79,106,2,7650),
	(12248,79,46,3,3800),
	(12249,79,32,4,2300),
	(12250,80,107,2,2900),
	(12251,80,108,3,1450),
	(12252,80,18,4,850),
	(12253,80,19,4,850),
	(12254,80,20,4,850),
	(12255,81,21,2,2900),
	(12256,81,8,3,1450),
	(12257,81,18,4,850),
	(12258,81,19,4,850),
	(12259,81,20,4,850),
	(12260,82,27,2,4800),
	(12261,82,98,3,2400),
	(12262,82,26,4,1450),
	(12263,83,109,2,5450),
	(12264,83,110,3,2750),
	(12265,83,111,4,1650),
	(12266,84,112,2,11000),
	(12267,84,97,3,5500),
	(12268,84,96,4,3300),
	(12269,85,113,2,2550),
	(12270,85,114,2,2550),
	(12271,85,12,3,850),
	(12272,85,24,3,850),
	(12273,85,80,3,850),
	(12274,85,29,4,500),
	(12275,85,10,4,500),
	(12276,85,32,4,500),
	(12277,86,115,2,11000),
	(12278,86,110,3,5500),
	(12279,86,96,4,3300),
	(12280,86,97,4,3300),
	(12281,87,116,2,11000),
	(12282,87,2,3,5500),
	(12283,87,96,4,3300),
	(12284,87,97,4,3300),
	(12285,88,117,2,7350),
	(12286,88,20,3,3650),
	(12287,88,111,4,2200),
	(12288,88,110,4,2200),
	(12289,89,118,2,2900),
	(12290,89,48,3,1450),
	(12291,89,18,4,850),
	(12292,89,19,4,850),
	(12293,89,20,4,850),
	(12294,90,119,2,4600),
	(12295,90,120,3,2300),
	(12296,90,3,4,1400),
	(12297,90,4,4,1400),
	(12298,91,121,2,4600),
	(12299,91,6,3,2300),
	(12300,91,3,4,1400),
	(12301,91,4,4,1400),
	(12302,92,122,2,4600),
	(12303,92,54,3,2300),
	(12304,92,3,4,1400),
	(12305,92,4,4,1400),
	(12306,93,123,2,4350),
	(12307,93,35,3,2200),
	(12308,93,3,4,1300),
	(12309,93,4,4,1300),
	(12310,94,124,2,4600),
	(12311,94,110,3,2300),
	(12312,94,3,4,1400),
	(12313,94,4,4,1400),
	(12314,95,125,2,5350),
	(12315,95,6,3,2700),
	(12316,95,18,4,1600),
	(12317,95,19,4,1600),
	(12318,95,20,4,1600),
	(12319,96,126,2,5300),
	(12320,96,6,3,2650),
	(12321,96,111,4,1600),
	(12322,96,110,4,1600),
	(12323,97,127,2,5300),
	(12324,97,15,3,2650),
	(12325,97,27,4,1600),
	(12326,97,26,4,1600),
	(12327,98,128,2,5100),
	(12328,98,36,3,2550),
	(12329,98,32,4,1550),
	(12330,98,29,4,1550),
	(12331,98,10,4,1550),
	(12332,99,129,2,7100),
	(12333,99,54,3,3550),
	(12334,99,111,4,2150),
	(12335,99,110,4,2150),
	(12336,100,130,2,4900),
	(12337,100,131,3,2450),
	(12338,100,27,4,1450),
	(12339,100,26,4,1450),
	(12340,101,99,2,2300),
	(12341,101,41,3,600),
	(12342,101,2,3,600),
	(12343,101,32,4,350),
	(12344,101,29,4,350),
	(12345,101,10,4,350),
	(12346,102,33,2,2900),
	(12347,102,35,3,1450),
	(12348,102,18,4,850),
	(12349,102,19,4,850),
	(12350,102,20,4,850),
	(12351,103,132,2,5000),
	(12352,103,6,3,2500),
	(12353,103,27,4,1500),
	(12354,103,26,4,1500),
	(12355,104,133,2,5100),
	(12356,104,97,3,2550),
	(12357,104,134,4,1550),
	(12358,104,131,4,1550),
	(12359,104,10,4,1550),
	(12360,105,119,2,5100),
	(12361,105,120,3,2550),
	(12362,105,27,4,1550),
	(12363,105,26,4,1550),
	(12364,106,135,2,4900),
	(12365,106,26,3,2450),
	(12366,106,27,4,1450),
	(12367,106,26,4,1450),
	(12368,107,96,2,5500),
	(12369,107,136,2,5500),
	(12370,107,22,3,5500),
	(12371,107,97,4,3300),
	(12372,108,137,2,2900),
	(12373,108,18,3,1450),
	(12374,108,19,4,850),
	(12375,108,20,4,850),
	(12376,109,138,2,3850),
	(12377,109,113,2,3850),
	(12378,109,110,3,1300),
	(12379,109,12,3,1300),
	(12380,109,139,3,1300),
	(12381,109,140,4,750),
	(12382,110,141,2,5350),
	(12383,110,72,3,2700),
	(12384,110,18,4,1600),
	(12385,110,19,4,1600),
	(12386,110,20,4,1600),
	(12387,111,142,2,1450),
	(12388,111,143,2,1450),
	(12389,111,35,3,1450),
	(12390,111,18,4,850),
	(12391,111,19,4,850),
	(12392,111,20,4,850),
	(12393,112,144,2,2900),
	(12394,112,6,3,1450),
	(12395,112,18,4,850),
	(12396,112,19,4,850),
	(12397,112,20,4,850),
	(12398,113,145,2,2300),
	(12399,113,146,2,2300),
	(12400,113,6,3,2300),
	(12401,113,3,4,1400),
	(12402,113,4,4,1400),
	(12403,114,147,2,2900),
	(12404,114,139,3,700),
	(12405,114,20,3,700),
	(12406,114,18,4,450),
	(12407,114,19,4,450),
	(12408,115,115,2,7700),
	(12409,115,110,3,3850),
	(12410,115,96,4,2300),
	(12411,115,97,4,2300),
	(12412,116,148,2,2900),
	(12413,116,6,3,1450),
	(12414,116,18,4,850),
	(12415,116,19,4,850),
	(12416,116,20,4,850),
	(12417,117,149,2,11100),
	(12418,117,46,3,5550),
	(12419,117,39,4,3350),
	(12420,118,150,2,9050),
	(12421,118,45,3,4500),
	(12422,118,13,4,2700),
	(12423,119,151,2,5800),
	(12424,119,152,2,5800),
	(12425,119,6,3,5800),
	(12426,119,153,4,3450),
	(12427,120,154,2,2300),
	(12428,120,6,3,1150),
	(12429,120,46,4,700),
	(12430,120,24,4,700),
	(12431,120,47,4,700),
	(12432,120,48,4,700),
	(12433,121,155,2,2300),
	(12434,121,156,3,1150),
	(12435,121,46,4,700),
	(12436,121,24,4,700),
	(12437,121,47,4,700),
	(12438,121,48,4,700),
	(12439,122,157,2,2300),
	(12440,122,24,3,1150),
	(12441,122,46,4,700),
	(12442,122,47,4,700),
	(12443,122,48,4,700),
	(12444,123,158,2,10700),
	(12445,123,6,3,5350),
	(12446,123,5,4,3200),
	(12447,124,159,2,8050),
	(12448,124,46,3,4000),
	(12449,124,13,4,2400),
	(12450,124,76,4,2400),
	(12451,124,6,4,2400),
	(12452,125,160,2,2300),
	(12453,125,2,3,1150),
	(12454,125,46,4,700),
	(12455,125,24,4,700),
	(12456,125,47,4,700),
	(12457,125,48,4,700),
	(12458,126,161,2,11500),
	(12459,126,48,3,5750),
	(12460,126,162,4,3450),
	(12461,127,163,2,9200),
	(12462,127,48,3,4600),
	(12463,127,162,4,2750),
	(12464,128,90,2,2300),
	(12465,128,47,3,1150),
	(12466,128,46,4,700),
	(12467,128,24,4,700),
	(12468,128,48,4,700),
	(12469,129,38,2,2300),
	(12470,129,46,3,1150),
	(12471,129,24,4,700),
	(12472,129,47,4,700),
	(12473,129,48,4,700),
	(12474,130,46,2,2300),
	(12475,130,164,3,1150),
	(12476,130,24,4,700),
	(12477,130,47,4,700),
	(12478,130,48,4,700),
	(12479,131,165,2,2300),
	(12480,131,18,3,1150),
	(12481,131,46,4,700),
	(12482,131,24,4,700),
	(12483,131,47,4,700),
	(12484,131,48,4,700),
	(12485,132,166,2,11500),
	(12486,132,36,3,5750),
	(12487,132,39,4,3450),
	(12488,133,38,2,11100),
	(12489,133,39,3,5550),
	(12490,134,91,2,6550),
	(12491,134,167,2,6550),
	(12492,134,46,3,6550),
	(12493,134,162,4,3950),
	(12494,134,168,4,3950),
	(12495,135,38,2,11300),
	(12496,135,39,3,5650),
	(12497,136,169,2,10550),
	(12498,136,24,3,5250),
	(12499,136,5,4,3150),
	(12500,137,170,2,10700),
	(12501,137,6,3,2700),
	(12502,137,72,3,2700),
	(12503,137,171,4,1600),
	(12504,138,172,2,3300),
	(12505,138,6,3,1650),
	(12506,138,18,4,1000),
	(12507,138,19,4,1000),
	(12508,138,20,4,1000),
	(12509,139,173,2,2900),
	(12510,139,15,3,1450),
	(12511,139,18,4,850),
	(12512,139,19,4,850),
	(12513,139,20,4,850),
	(12514,140,174,2,5050),
	(12515,140,60,3,2550),
	(12516,140,27,4,1500),
	(12517,140,26,4,1500),
	(12518,141,119,2,2300),
	(12519,141,175,2,2300),
	(12520,141,120,3,2300),
	(12521,141,3,4,1400),
	(12522,141,4,4,1400),
	(12523,142,146,2,3750),
	(12524,142,145,2,3750),
	(12525,142,6,3,3750),
	(12526,142,96,4,2250),
	(12527,142,97,4,2250),
	(12528,143,176,2,13300),
	(12529,143,8,3,6650),
	(12530,143,96,4,4000),
	(12531,143,97,4,4000),
	(12532,144,177,2,7700),
	(12533,144,24,3,3850),
	(12534,144,131,4,2300),
	(12535,145,178,2,5100),
	(12536,145,46,3,2550),
	(12537,145,27,4,1550),
	(12538,145,26,4,1550),
	(12539,146,179,2,3850),
	(12540,146,180,2,3850),
	(12541,146,36,3,3850),
	(12542,146,96,4,2300),
	(12543,146,97,4,2300),
	(12544,147,181,2,2400),
	(12545,147,2,3,1200),
	(12546,147,32,4,700),
	(12547,147,29,4,700),
	(12548,147,10,4,700),
	(12549,148,74,2,4750),
	(12550,148,20,3,2400),
	(12551,148,27,4,1450),
	(12552,148,26,4,1450),
	(12553,149,182,2,7550),
	(12554,149,45,3,3800),
	(12555,149,96,4,2250),
	(12556,149,97,4,2250),
	(12557,150,9,2,4450),
	(12558,150,10,3,2250),
	(12559,150,41,4,1350),
	(12560,151,183,2,4950),
	(12561,151,26,3,2500),
	(12562,151,27,4,1500),
	(12563,151,26,4,1500),
	(12564,152,94,2,2600),
	(12565,152,95,2,2600),
	(12566,152,45,3,2600),
	(12567,152,18,4,1550),
	(12568,152,19,4,1550),
	(12569,152,20,4,1550),
	(12570,153,184,2,5000),
	(12571,153,131,3,2500),
	(12572,153,29,4,1500),
	(12573,153,10,4,1500),
	(12574,153,32,4,1500),
	(12575,154,185,2,4950),
	(12576,154,46,3,2500),
	(12577,154,27,4,1500),
	(12578,154,26,4,1500),
	(12579,155,186,2,2300),
	(12580,155,187,2,2300),
	(12581,155,60,3,2300),
	(12582,155,3,4,1400),
	(12583,155,4,4,1400),
	(12584,156,188,2,2400),
	(12585,156,189,3,1200),
	(12586,156,12,4,750),
	(12587,156,190,4,750),
	(12588,156,54,4,750),
	(12589,157,191,2,2400),
	(12590,157,189,3,1200),
	(12591,157,12,4,750),
	(12592,157,190,4,750),
	(12593,157,54,4,750),
	(12594,158,192,2,2450),
	(12595,158,60,3,1250),
	(12596,158,12,4,750),
	(12597,158,190,4,750),
	(12598,158,54,4,750),
	(12599,159,193,2,2450),
	(12600,159,189,3,1250),
	(12601,159,12,4,750),
	(12602,159,190,4,750),
	(12603,159,54,4,750),
	(12604,160,194,2,2850),
	(12605,160,189,3,1450),
	(12606,160,12,4,850),
	(12607,160,190,4,850),
	(12608,160,54,4,850),
	(12609,161,195,2,1450),
	(12610,161,196,2,1450),
	(12611,161,189,3,1450),
	(12612,161,12,4,850),
	(12613,161,190,4,850),
	(12614,161,54,4,850),
	(12615,162,197,2,2850),
	(12616,162,189,3,1450),
	(12617,162,12,4,850),
	(12618,162,190,4,850),
	(12619,162,54,4,850),
	(12620,163,198,2,2900),
	(12621,163,2,3,1450),
	(12622,163,12,4,850),
	(12623,163,190,4,850),
	(12624,163,54,4,850),
	(12625,164,199,2,2450),
	(12626,164,97,3,1250),
	(12627,164,12,4,750),
	(12628,164,190,4,750),
	(12629,164,54,4,750),
	(12630,165,194,2,2450),
	(12631,165,189,3,1250),
	(12632,165,12,4,750),
	(12633,165,190,4,750),
	(12634,165,54,4,750),
	(12635,166,77,2,2450),
	(12636,166,54,3,1250),
	(12637,166,12,4,750),
	(12638,166,190,4,750),
	(12639,167,77,2,2450),
	(12640,167,54,3,1250),
	(12641,167,12,4,750),
	(12642,167,190,4,750),
	(12643,168,200,2,1250),
	(12644,168,201,2,1250),
	(12645,168,189,3,1250),
	(12646,168,12,4,750),
	(12647,168,190,4,750),
	(12648,168,54,4,750),
	(12649,169,202,2,2950),
	(12650,169,6,3,1450),
	(12651,169,12,4,900),
	(12652,169,190,4,900),
	(12653,169,54,4,900),
	(12654,170,199,2,2500),
	(12655,170,97,3,1250),
	(12656,170,12,4,750),
	(12657,170,190,4,750),
	(12658,170,54,4,750),
	(12659,171,203,2,2500),
	(12660,171,6,3,1250),
	(12661,171,12,4,750),
	(12662,171,190,4,750),
	(12663,171,54,4,750),
	(12664,172,80,2,2500),
	(12665,172,12,3,1250),
	(12666,172,190,4,750),
	(12667,172,54,4,750),
	(12668,173,204,2,2500),
	(12669,173,189,3,1250),
	(12670,173,12,4,750),
	(12671,173,190,4,750),
	(12672,173,54,4,750),
	(12673,174,203,2,2500),
	(12674,174,6,3,1250),
	(12675,174,12,4,750),
	(12676,174,190,4,750),
	(12677,174,54,4,750),
	(12678,175,205,2,2900),
	(12679,175,45,3,1450),
	(12680,175,12,4,850),
	(12681,175,190,4,850),
	(12682,175,54,4,850),
	(12683,176,206,2,2750),
	(12684,176,2,3,1400),
	(12685,176,12,4,850),
	(12686,176,190,4,850),
	(12687,176,54,4,850),
	(12688,177,207,2,2900),
	(12689,177,60,3,1450),
	(12690,178,208,2,2950),
	(12691,178,6,3,1450),
	(12692,178,12,4,900),
	(12693,178,190,4,900),
	(12694,178,54,4,900),
	(12695,179,199,2,2500),
	(12696,179,97,3,1250),
	(12697,179,12,4,750),
	(12698,179,190,4,750),
	(12699,179,54,4,750),
	(12700,180,196,2,2500),
	(12701,180,189,3,1250),
	(12702,180,12,4,750),
	(12703,180,190,4,750),
	(12704,180,54,4,750),
	(12705,181,209,2,2500),
	(12706,181,46,3,1250),
	(12707,181,12,4,750),
	(12708,181,190,4,750),
	(12709,181,54,4,750),
	(12710,182,201,2,1250),
	(12711,182,200,2,1250),
	(12712,182,189,3,1250),
	(12713,182,12,4,750),
	(12714,182,190,4,750),
	(12715,182,54,4,750),
	(12716,183,210,2,1500),
	(12717,183,201,2,1500),
	(12718,183,190,3,1500),
	(12719,183,12,4,900),
	(12720,183,54,4,900),
	(12721,184,211,2,2950),
	(12722,184,212,3,1500),
	(12723,184,12,4,900),
	(12724,184,190,4,900),
	(12725,184,54,4,900),
	(12726,185,213,2,2550),
	(12727,185,54,3,1300),
	(12728,185,12,4,750),
	(12729,185,190,4,750),
	(12730,186,204,2,1300),
	(12731,186,214,2,1300),
	(12732,186,189,3,1300),
	(12733,186,12,4,750),
	(12734,186,190,4,750),
	(12735,186,54,4,750),
	(12736,187,215,2,2550),
	(12737,187,12,3,1300),
	(12738,187,190,4,750),
	(12739,187,54,4,750),
	(12740,188,201,2,1300),
	(12741,188,200,2,1300),
	(12742,188,189,3,1300),
	(12743,188,12,4,750),
	(12744,188,190,4,750),
	(12745,188,54,4,750),
	(12746,189,216,2,2950),
	(12747,189,39,3,1500),
	(12748,189,12,4,900),
	(12749,189,190,4,900),
	(12750,189,54,4,900),
	(12751,190,217,2,2950),
	(12752,190,36,3,1450),
	(12753,190,12,4,900),
	(12754,190,190,4,900),
	(12755,190,54,4,900),
	(12756,191,218,2,2950),
	(12757,191,2,3,1500),
	(12758,191,12,4,900),
	(12759,191,190,4,900),
	(12760,191,54,4,900),
	(12761,192,214,2,2550),
	(12762,192,189,3,1300),
	(12763,192,12,4,750),
	(12764,192,190,4,750),
	(12765,192,54,4,750),
	(12766,193,196,2,2550),
	(12767,193,189,3,1300),
	(12768,193,12,4,750),
	(12769,193,190,4,750),
	(12770,193,54,4,750),
	(12771,194,219,2,1300),
	(12772,194,220,2,1300),
	(12773,194,189,3,1300),
	(12774,194,12,4,750),
	(12775,194,190,4,750),
	(12776,194,54,4,750),
	(12777,195,202,2,2550),
	(12778,195,6,3,1300),
	(12779,195,12,4,750),
	(12780,195,190,4,750),
	(12781,195,54,4,750),
	(12782,196,221,2,3000),
	(12783,196,6,3,1500),
	(12784,196,12,4,900),
	(12785,196,190,4,900),
	(12786,196,54,4,900),
	(12787,197,222,2,2650),
	(12788,197,12,3,1300),
	(12789,197,190,4,800),
	(12790,197,54,4,800),
	(12791,198,223,2,2650),
	(12792,198,190,3,1300),
	(12793,198,12,4,800),
	(12794,198,54,4,800),
	(12795,199,224,2,2650),
	(12796,199,35,3,1300),
	(12797,199,12,4,800),
	(12798,199,190,4,800),
	(12799,199,54,4,800),
	(12800,200,225,2,3000),
	(12801,200,2,3,750),
	(12802,200,41,3,750),
	(12803,200,12,4,450),
	(12804,200,190,4,450),
	(12805,200,54,4,450),
	(12806,201,226,2,2950),
	(12807,201,190,3,1500),
	(12808,201,12,4,900),
	(12809,201,54,4,900),
	(12810,202,227,2,3000),
	(12811,202,36,3,1500),
	(12812,202,12,4,900),
	(12813,202,190,4,900),
	(12814,202,54,4,900),
	(12815,203,215,2,2450),
	(12816,203,12,3,1250),
	(12817,203,190,4,750),
	(12818,203,54,4,750),
	(12819,204,228,2,2450),
	(12820,204,12,3,1250),
	(12821,204,190,4,750),
	(12822,204,54,4,750),
	(12823,205,226,2,2450),
	(12824,205,190,3,1250),
	(12825,205,12,4,750),
	(12826,205,54,4,750),
	(12827,206,229,2,2450),
	(12828,206,6,3,1250),
	(12829,206,12,4,750),
	(12830,206,190,4,750),
	(12831,206,54,4,750),
	(12832,207,230,2,2450),
	(12833,207,2,3,1250),
	(12834,207,12,4,750),
	(12835,207,190,4,750),
	(12836,207,54,4,750),
	(12837,208,231,2,2450),
	(12838,208,189,3,1250),
	(12839,208,12,4,750),
	(12840,208,190,4,750),
	(12841,208,54,4,750),
	(12842,209,232,2,2450),
	(12843,209,41,3,600),
	(12844,209,2,3,600),
	(12845,209,12,4,350),
	(12846,209,190,4,350),
	(12847,209,54,4,350),
	(12848,210,233,2,2450),
	(12849,210,189,3,1250),
	(12850,210,12,4,750),
	(12851,210,190,4,750),
	(12852,210,54,4,750),
	(12853,211,204,2,1250),
	(12854,211,195,2,1250),
	(12855,211,189,3,1250),
	(12856,211,12,4,750),
	(12857,211,190,4,750),
	(12858,211,54,4,750),
	(12859,212,234,2,2450),
	(12860,212,235,3,1250),
	(12861,212,12,4,750),
	(12862,212,190,4,750),
	(12863,212,54,4,750),
	(12864,213,236,2,2500),
	(12865,213,12,3,1250),
	(12866,213,190,4,750),
	(12867,213,54,4,750),
	(12868,214,196,2,1250),
	(12869,214,195,2,1250),
	(12870,214,189,3,1250),
	(12871,214,12,4,750),
	(12872,214,190,4,750),
	(12873,214,54,4,750),
	(12874,215,237,2,1250),
	(12875,215,238,2,1250),
	(12876,215,12,3,1250),
	(12877,215,190,4,750),
	(12878,215,54,4,750),
	(12879,216,239,2,2500),
	(12880,216,39,3,1250),
	(12881,216,12,4,750),
	(12882,216,190,4,750),
	(12883,216,54,4,750),
	(12884,217,240,2,2500),
	(12885,217,6,3,1250),
	(12886,217,12,4,750),
	(12887,217,190,4,750),
	(12888,217,54,4,750),
	(12889,218,159,2,2450),
	(12890,218,46,3,1250),
	(12891,218,12,4,750),
	(12892,218,190,4,750),
	(12893,218,54,4,750),
	(12894,219,77,2,2450),
	(12895,219,54,3,1250),
	(12896,219,12,4,750),
	(12897,219,190,4,750),
	(12898,220,241,2,2450),
	(12899,220,46,3,1250),
	(12900,220,12,4,750),
	(12901,220,190,4,750),
	(12902,220,54,4,750),
	(12903,221,166,2,2450),
	(12904,221,36,3,1250),
	(12905,221,12,4,750),
	(12906,221,190,4,750),
	(12907,221,54,4,750),
	(12908,222,159,2,2500),
	(12909,222,46,3,1250),
	(12910,222,12,4,750),
	(12911,222,190,4,750),
	(12912,222,54,4,750),
	(12913,223,242,2,2500),
	(12914,223,189,3,1250),
	(12915,223,12,4,750),
	(12916,223,190,4,750),
	(12917,223,54,4,750),
	(12918,224,199,2,2500),
	(12919,224,97,3,1250),
	(12920,224,12,4,750),
	(12921,224,190,4,750),
	(12922,224,54,4,750),
	(12923,225,243,2,2500),
	(12924,225,189,3,1250),
	(12925,225,12,4,750),
	(12926,225,190,4,750),
	(12927,225,54,4,750),
	(12928,226,77,2,2550),
	(12929,226,54,3,1300),
	(12930,226,12,4,750),
	(12931,226,190,4,750),
	(12932,227,166,2,2500),
	(12933,227,36,3,1250),
	(12934,227,12,4,750),
	(12935,227,190,4,750),
	(12936,227,54,4,750),
	(12937,228,239,2,2500),
	(12938,228,39,3,1250),
	(12939,228,12,4,750),
	(12940,228,190,4,750),
	(12941,228,54,4,750),
	(12942,229,244,2,2500),
	(12943,229,12,3,1250),
	(12944,229,190,4,750),
	(12945,229,54,4,750),
	(12946,230,199,2,2550),
	(12947,230,97,3,1300),
	(12948,230,12,4,750),
	(12949,230,190,4,750),
	(12950,230,54,4,750),
	(12951,231,245,2,2550),
	(12952,231,12,3,1300),
	(12953,231,190,4,750),
	(12954,231,54,4,750),
	(12955,232,215,2,2550),
	(12956,232,12,3,1300),
	(12957,232,190,4,750),
	(12958,232,54,4,750),
	(12959,233,246,2,2550),
	(12960,233,189,3,1300),
	(12961,233,12,4,750),
	(12962,233,190,4,750),
	(12963,233,54,4,750),
	(12964,234,247,2,2500),
	(12965,234,12,3,650),
	(12966,234,80,3,650),
	(12967,234,190,4,400),
	(12968,234,54,4,400),
	(12969,235,248,2,1250),
	(12970,235,240,2,1250),
	(12971,235,6,3,1250),
	(12972,235,12,4,750),
	(12973,235,190,4,750),
	(12974,235,54,4,750),
	(12975,236,196,2,2500),
	(12976,236,189,3,1250),
	(12977,236,12,4,750),
	(12978,236,190,4,750),
	(12979,236,54,4,750),
	(12980,237,249,2,2500),
	(12981,237,189,3,650),
	(12982,237,190,3,650),
	(12983,237,12,4,400),
	(12984,237,54,4,400),
	(12985,238,201,2,1250),
	(12986,238,200,2,1250),
	(12987,238,189,3,1250),
	(12988,238,12,4,750),
	(12989,238,190,4,750),
	(12990,238,54,4,750),
	(12991,239,77,2,2550),
	(12992,239,54,3,1300),
	(12993,239,12,4,750),
	(12994,239,190,4,750),
	(12995,240,199,2,2550),
	(12996,240,97,3,1300),
	(12997,240,12,4,750),
	(12998,240,190,4,750),
	(12999,240,54,4,750),
	(13000,241,201,2,1300),
	(13001,241,200,2,1300),
	(13002,241,189,3,1300),
	(13003,241,12,4,750),
	(13004,241,190,4,750),
	(13005,241,54,4,750),
	(13006,242,202,2,2550),
	(13007,242,6,3,1300),
	(13008,242,12,4,750),
	(13009,242,190,4,750),
	(13010,242,54,4,750),
	(13011,243,204,2,1300),
	(13012,243,250,2,1300),
	(13013,243,190,3,1300),
	(13014,243,12,4,750),
	(13015,243,54,4,750),
	(13016,244,234,2,1300),
	(13017,244,251,2,1300),
	(13018,244,6,3,1300),
	(13019,244,12,4,750),
	(13020,244,190,4,750),
	(13021,244,54,4,750),
	(13022,245,240,2,2550),
	(13023,245,6,3,1300),
	(13024,245,12,4,750),
	(13025,245,190,4,750),
	(13026,245,54,4,750),
	(13027,246,252,2,2550),
	(13028,246,47,3,1300),
	(13029,246,12,4,750),
	(13030,246,190,4,750),
	(13031,246,54,4,750),
	(13032,247,253,2,2650),
	(13033,247,54,3,1300),
	(13034,247,12,4,800),
	(13035,247,190,4,800),
	(13036,248,250,2,2650),
	(13037,248,190,3,1300),
	(13038,248,12,4,800),
	(13039,248,54,4,800),
	(13040,249,254,2,2650),
	(13041,249,189,3,1300),
	(13042,249,12,4,800),
	(13043,249,190,4,800),
	(13044,249,54,4,800),
	(13045,250,215,2,2650),
	(13046,250,12,3,1300),
	(13047,250,190,4,800),
	(13048,250,54,4,800),
	(13049,251,255,2,2550),
	(13050,251,190,3,1300),
	(13051,251,12,4,750),
	(13052,251,54,4,750),
	(13053,252,166,2,2550),
	(13054,252,36,3,1300),
	(13055,252,12,4,750),
	(13056,252,190,4,750),
	(13057,252,54,4,750),
	(13058,253,256,2,1300),
	(13059,253,257,2,1300),
	(13060,253,12,3,1300),
	(13061,253,190,4,750),
	(13062,253,54,4,750),
	(13063,254,258,2,2550),
	(13064,254,189,3,1300),
	(13065,254,12,4,750),
	(13066,254,190,4,750),
	(13067,254,54,4,750),
	(13068,255,259,2,2650),
	(13069,255,189,3,1300),
	(13070,255,12,4,800),
	(13071,255,190,4,800),
	(13072,255,54,4,800),
	(13073,256,201,2,1300),
	(13074,256,200,2,1300),
	(13075,256,189,3,1300),
	(13076,256,12,4,800),
	(13077,256,190,4,800),
	(13078,256,54,4,800),
	(13079,257,260,2,2650),
	(13080,257,189,3,1300),
	(13081,257,12,4,800),
	(13082,257,190,4,800),
	(13083,257,54,4,800),
	(13084,258,261,2,2650),
	(13085,258,6,3,1300),
	(13086,258,12,4,800),
	(13087,258,190,4,800),
	(13088,258,54,4,800),
	(13089,259,262,2,2650),
	(13090,259,54,3,1300),
	(13091,259,12,4,800),
	(13092,259,190,4,800),
	(13093,260,263,2,2650),
	(13094,260,60,3,1300),
	(13095,260,12,4,800),
	(13096,260,190,4,800),
	(13097,260,54,4,800),
	(13098,261,215,2,2650),
	(13099,261,12,3,1300),
	(13100,261,190,4,800),
	(13101,261,54,4,800),
	(13102,262,264,2,2700),
	(13103,262,26,3,1350),
	(13104,262,12,4,800),
	(13105,262,190,4,800),
	(13106,262,54,4,800),
	(13107,263,265,2,2650),
	(13108,263,6,3,1300),
	(13109,263,12,4,800),
	(13110,263,190,4,800),
	(13111,263,54,4,800),
	(13112,264,233,2,2650),
	(13113,264,189,3,1300),
	(13114,264,12,4,800),
	(13115,264,190,4,800),
	(13116,264,54,4,800),
	(13117,265,262,2,2650),
	(13118,265,54,3,1300),
	(13119,265,12,4,800),
	(13120,265,190,4,800),
	(13121,266,266,2,13100),
	(13122,266,6,3,6550),
	(13123,266,96,4,3950),
	(13124,266,97,4,3950),
	(13125,267,267,2,5350),
	(13126,267,36,3,2700),
	(13127,267,18,4,1600),
	(13128,267,19,4,1600),
	(13129,267,20,4,1600),
	(13130,268,268,2,3850),
	(13131,268,269,2,3850),
	(13132,268,97,3,3850),
	(13133,268,96,4,2300),
	(13134,269,270,2,5350),
	(13135,269,46,3,2700),
	(13136,269,18,4,1600),
	(13137,269,19,4,1600),
	(13138,269,20,4,1600),
	(13139,270,271,2,10850),
	(13140,270,110,3,5450),
	(13141,270,96,4,3250),
	(13142,270,97,4,3250),
	(13143,271,272,2,2550),
	(13144,271,57,2,2550),
	(13145,271,46,3,2550),
	(13146,271,27,4,1550),
	(13147,271,26,4,1550),
	(13148,272,111,2,7700),
	(13149,272,12,3,3850),
	(13150,272,96,4,2300),
	(13151,272,97,4,2300),
	(13152,273,273,2,8050),
	(13153,273,12,3,2000),
	(13154,273,139,3,2000),
	(13155,273,13,4,1200),
	(13156,273,6,4,1200),
	(13157,274,166,2,11100),
	(13158,274,36,3,5550),
	(13159,274,39,4,3350),
	(13160,275,202,2,10800),
	(13161,275,6,3,5400),
	(13162,275,39,4,3250),
	(13163,276,274,2,18750),
	(13164,276,48,3,9350),
	(13165,276,162,4,5600),
	(13166,276,168,4,5600),
	(13167,277,83,2,11350),
	(13168,277,48,3,5650),
	(13169,277,76,4,3400),
	(13170,278,82,2,8250),
	(13171,278,8,3,4150),
	(13172,278,13,4,2500),
	(13173,279,44,2,5450),
	(13174,279,275,2,5450),
	(13175,279,72,3,2750),
	(13176,279,45,3,2750),
	(13177,279,39,4,1650),
	(13178,280,79,2,5700),
	(13179,280,12,3,1450),
	(13180,280,139,3,1450),
	(13181,280,168,4,850),
	(13182,281,91,2,11100),
	(13183,281,46,3,5550),
	(13184,281,39,4,3350),
	(13185,282,276,2,2550),
	(13186,282,2,3,650),
	(13187,282,277,3,650),
	(13188,282,12,4,400),
	(13189,282,190,4,400),
	(13190,282,54,4,400),
	(13191,283,200,2,2450),
	(13192,283,189,3,1250),
	(13193,283,12,4,750),
	(13194,283,190,4,750),
	(13195,283,54,4,750),
	(13196,284,278,2,1250),
	(13197,284,279,2,1250),
	(13198,284,54,3,1250),
	(13199,284,12,4,750),
	(13200,284,190,4,750),
	(13201,285,280,2,2500),
	(13202,285,190,3,1250),
	(13203,285,12,4,750),
	(13204,285,54,4,750),
	(13206,286,18,3,1350),
	(13207,286,46,4,800),
	(13208,286,24,4,800),
	(13209,286,47,4,800),
	(13210,286,48,4,800);

/*!40000 ALTER TABLE `vendas_usuarios` ENABLE KEYS */;
UNLOCK TABLES;



/*!40111 SET SQL_NOTES=@OLD_SQL_NOTES */;
/*!40101 SET SQL_MODE=@OLD_SQL_MODE */;
/*!40014 SET FOREIGN_KEY_CHECKS=@OLD_FOREIGN_KEY_CHECKS */;
/*!40101 SET CHARACTER_SET_CLIENT=@OLD_CHARACTER_SET_CLIENT */;
/*!40101 SET CHARACTER_SET_RESULTS=@OLD_CHARACTER_SET_RESULTS */;
/*!40101 SET COLLATION_CONNECTION=@OLD_COLLATION_CONNECTION */;
